address,symbol,name,decimals,n_rows_tobs,rank_by_n,feed,feed_path,feed_proxy,quote,feed_category,feed_product,feed_hidden,feed_shutdown_date,feed_first_round_utc,relation,relation_note,mapping_evidence,second_key,verification,verification_evidence
0x82af49447d8a07e3bd95bd0d56f35241523fbab1,WETH,Wrapped Ether,18,509394850,1.0,ETH / USD,eth-usd,0x639fe6ab55c921f74e7fac1ee960c0b6293ba612,USD,low,RefPrice,False,,2021-07-13 15:07:52,issuer_wrapper,WETH: wraps the feed's base asset one-to-one (aave_address_book:WETH_UNDERLYING; coingecko:arbitrum-bridged-weth-arbitrum-one; arbitrum token list (L1 WETH)),aave_address_book:WETH_UNDERLYING(oracle 0xbd41b1548a5a06544cbcf87c0c54864312842c00) | coingecko:arbitrum-bridged-weth-arbitrum-one | tokenlists:arb_bridge_42161+arb_whitelist_era+arbed_coingecko+arbed_uniswap+coingecko_arbitrum_one+uniswap_default(L1 0xc02aaa39b223fe8d0a0e5c4f27ead9083c756cc2) | address appears in gmx-io/gmx-interface config,coingecko:weth,not checked,
0xaf88d065e77c8cc2239327c5edb3a432268e5831,USDC,USD Coin,6,366294721,2.0,USDC / USD,usdc-usd,0x50834f3163758fcc1df9973b6e91f0f0f0434ad3,USD,low,RefPrice,False,,2021-07-13 15:08:53,token_itself,USDC: the feed's base asset is this token (coingecko coin 'usd-coin' arbitrum-one platform address),aave_address_book:USDCn_UNDERLYING(oracle 0xb0c9a7122aab68f75cffd9851e867144dbff113b) | coingecko:usd-coin | tokenlists:coingecko_arbitrum_one+uniswap_default(L1 0xa0b86991c6218b36c1d19d4a2e9eb0ce3606eb48) | address appears in gmx-io/gmx-interface config,coingecko:usd-coin,not checked,
0xfd086bc7cd5c481dcc9c85ebe478a1c0b69fcbb9,USD₮0,USD₮0,6,163462893,3.0,USDT / USD,usdt-usd,0x3f3f5df88dc9f13eac63df89ec16ef6e7e25dde7,USD,low,RefPrice,False,,2021-07-13 15:09:58,token_itself,USD₮0: the feed's base asset is this token (coingecko coin 'usdt0' arbitrum-one platform address; issuer: USDT0 (Arbitrum USDT upgraded in place to USDT0 OFT)),aave_address_book:USDT_UNDERLYING(oracle 0x03f1203a32df3a941d41de07f5fd2e71d2a70172) | coingecko:usdt0 | tokenlists:coingecko_arbitrum_one+uniswap_default | address appears in gmx-io/gmx-interface config,coingecko:tether,not checked,
0x912ce59144191c1204e64559fe8253a0e49e6548,ARB,Arbitrum,18,75552592,4.0,ARB / USD,arb-usd,0xb2a824043730fe05f3da2efafa1cbbe83fa548d6,USD,low,RefPrice,False,,2023-03-24 16:38:22,token_itself,ARB: the feed's base asset is this token (coingecko coin 'arbitrum' arbitrum-one platform address),aave_address_book:ARB_UNDERLYING(oracle 0x339a66699167d8bc7105c4b9772492d2576e5183) | coingecko:arbitrum | tokenlists:arbed_coingecko+arbed_uniswap+coingecko_arbitrum_one+uniswap_default(L1 0xb50721bcf8d664c30412cfbc6cf7a15145234ad1) | address appears in gmx-io/gmx-interface config,coingecko:arbitrum,not checked,
0x2f2a2543b76a4166549f7aab2e75bef0aefc5b0f,WBTC,Wrapped BTC,8,71824604,5.0,WBTC / USD,wbtc-usd,0xd0c7101eacbb49f3decccc166d238410d6d46d57,USD,low,RefPrice,False,,2022-11-25 21:36:45,token_itself,WBTC: the feed's base asset is this token (coingecko coin 'arbitrum-bridged-wbtc-arbitrum-one' arbitrum-one platform address; bridged from coingecko coin 'wrapped-bitcoin' ethereum address 0x2260fac5e5542a773aa44fbcfedf7c193bc2c599 per arb_bridge_42161+arb_whitelist_era+arbed_coingecko+arbed_uniswap+uniswap_default),aave_address_book:WBTC_UNDERLYING(oracle 0xde4af8b4747192ea29339d0feb36d9830d399134) | coingecko:arbitrum-bridged-wbtc-arbitrum-one | tokenlists:arb_bridge_42161+arb_whitelist_era+arbed_coingecko+arbed_uniswap+coingecko_arbitrum_one+uniswap_default(L1 0x2260fac5e5542a773aa44fbcfedf7c193bc2c599) | address appears in gmx-io/gmx-interface config,coingecko:wrapped-bitcoin,not checked,
0xff970a61a04b1ca14834a43f5de4533ebddb5cc8,USDC,USD Coin (Arb1),6,71329831,6.0,USDC / USD,usdc-usd,0x50834f3163758fcc1df9973b6e91f0f0f0434ad3,USD,low,RefPrice,False,,2021-07-13 15:08:53,canonical_bridge,USDC.e: Arbitrum canonical-gateway copy of Circle's Ethereum USDC,aave_address_book:USDCe_UNDERLYING(oracle 0xb0c9a7122aab68f75cffd9851e867144dbff113b) | coingecko:usd-coin-ethereum-bridged | tokenlists:arb_bridge_42161+arb_whitelist_era+arbed_coingecko+arbed_uniswap+coingecko_arbitrum_one+uniswap_default(L1 0xa0b86991c6218b36c1d19d4a2e9eb0ce3606eb48) | address appears in gmx-io/gmx-interface config,coingecko:usd-coin,not checked,
0x0c880f6761f1af8d9aa9c466984b80dab9a8c9e8,PENDLE,Pendle,18,19516891,7.0,PENDLE / USD,pendle-usd,0x66853e19d73c0f9301fe099c324a1e9726953433,USD,low,RefPrice,False,,2023-09-19 00:19:33,token_itself,PENDLE: the feed's base asset is this token (coingecko coin 'pendle' arbitrum-one platform address; bridged from coingecko coin 'pendle' ethereum address 0x808507121b80c02388fad14726482e061b8da827 per arbed_coingecko+arbed_uniswap+uniswap_default),coingecko:pendle | tokenlists:arbed_coingecko+arbed_uniswap+coingecko_arbitrum_one+uniswap_default(L1 0x808507121b80c02388fad14726482e061b8da827) | address appears in gmx-io/gmx-interface config,coingecko:pendle,not checked,
0xda10009cbd5d07dd0cecc66161fc93d7c9000da1,DAI,Dai Stablecoin,18,8677480,12.0,DAI / USD,dai-usd,0xc5c8e77b397e531b8ec06bfb0048328b30e9ecfb,USD,low,RefPrice,False,,2021-07-13 15:08:53,token_itself,DAI: the feed's base asset is this token (coingecko coin 'makerdao-arbitrum-bridged-dai-arbitrum-one' arbitrum-one platform address; bridged from coingecko coin 'dai' ethereum address 0x6b175474e89094c44da98b954eedeac495271d0f per arb_bridge_42161+arb_whitelist_era+arbed_coingecko+arbed_uniswap+uniswap_default),aave_address_book:DAI_UNDERLYING(oracle 0xf44a2b5605b07a1cba7cf3907a9d0bb4a515c3f1) | coingecko:makerdao-arbitrum-bridged-dai-arbitrum-one | tokenlists:arb_bridge_42161+arb_whitelist_era+arbed_coingecko+arbed_uniswap+coingecko_arbitrum_one+uniswap_default(L1 0x6b175474e89094c44da98b954eedeac495271d0f),coingecko:dai,not checked,
0xf97f4df75117a78c1a5a0dbb814af92458539fb4,LINK,ChainLink Token,18,8675046,13.0,LINK / USD,link-usd,0x86e53cf1b870786351da77a57575e79cb55812cb,USD,low,RefPrice,False,,2021-07-13 15:08:53,token_itself,LINK: the feed's base asset is this token (coingecko coin 'chainlink' arbitrum-one platform address; bridged from coingecko coin 'chainlink' ethereum address 0x514910771af9ca656af840dff83e8264ecf986ca per arb_bridge_42161+arb_whitelist_era+arbed_coingecko+arbed_uniswap+uniswap_default),aave_address_book:LINK_UNDERLYING(oracle 0x2c1c5eab455a91cead280b12650faaa7bfdd59e6) | coingecko:chainlink | tokenlists:arb_bridge_42161+arb_whitelist_era+arbed_coingecko+arbed_uniswap+coingecko_arbitrum_one+uniswap_default(L1 0x514910771af9ca656af840dff83e8264ecf986ca) | address appears in gmx-io/gmx-interface config,coingecko:chainlink,not checked,
0x6985884c4392d348587b19cb9eaaf157f13271cd,ZRO,LayerZero,18,6318171,15.0,ZRO / USD,zro-usd,0x1940fed49cdbc397941f2d336eb4994d599e568b,USD,medium,RefPrice,False,,2024-06-26 18:35:14,token_itself,ZRO: the feed's base asset is this token (coingecko coin 'layerzero' arbitrum-one platform address; bridged from coingecko coin 'layerzero' ethereum address 0x6985884c4392d348587b19cb9eaaf157f13271cd per uniswap_default),coingecko:layerzero | tokenlists:coingecko_arbitrum_one+uniswap_default(L1 0x6985884c4392d348587b19cb9eaaf157f13271cd),coingecko:layerzero,not checked,
0x5979d7b546e38e414f7e9822514be443a4800529,wstETH,Wrapped liquid staked Ether 2.0,18,5553387,18.0,WSTETH / ETH,wsteth-eth,0xb523ae262d20a936bc152e6023996e46fdc2a95d,ETH,medium,RefPrice,False,,2023-04-10 19:59:16,token_itself,wstETH: the feed's base asset is this token (coingecko coin 'arbitrum-bridged-wsteth-arbitrum' arbitrum-one platform address; bridged from coingecko coin 'wrapped-steth' ethereum address 0x7f39c581f595b53c5cb19bd0b3f8da6c935e2ca0 per arbed_coingecko),aave_address_book:wstETH_UNDERLYING(oracle 0xb4a28df1b926646f94e6fe6f15828c491b4def5f) | coingecko:arbitrum-bridged-wsteth-arbitrum | tokenlists:arbed_coingecko+coingecko_arbitrum_one(L1 0x7f39c581f595b53c5cb19bd0b3f8da6c935e2ca0) | address appears in gmx-io/gmx-interface config,coingecko:wrapped-steth,not checked,
0x9623063377ad1b27544c965ccd7342f7ea7e88c7,GRT,Graph Token,18,4761427,19.0,GRT / USD,grt-usd,0x0f38d86fcef4955b705f35c9e41d1a16e0637c73,USD,medium,RefPrice,False,,2024-05-03 16:17:42,token_itself,GRT: the feed's base asset is this token (coingecko coin 'the-graph' arbitrum-one platform address; bridged from coingecko coin 'the-graph' ethereum address 0xc944e90c64b2c07662a292be6244bdf05cda44a7 per arb_bridge_42161+arb_whitelist_era+arbed_coingecko+arbed_uniswap+uniswap_default),coingecko:the-graph | tokenlists:arb_bridge_42161+arb_whitelist_era+arbed_coingecko+arbed_uniswap+coingecko_arbitrum_one+uniswap_default(L1 0xc944e90c64b2c07662a292be6244bdf05cda44a7),coingecko:the-graph,not checked,
0xfc5a1a6eb076a2c7ad06ed22c90d7e710e35ad0a,GMX,GMX,18,4378643,20.0,GMX / USD,gmx-usd,0xdb98056fecfff59d032ab628337a4887110df3db,USD,medium,RefPrice,False,,2022-11-23 21:34:41,token_itself,GMX: the feed's base asset is this token (coingecko coin 'gmx' arbitrum-one platform address),coingecko:gmx | tokenlists:coingecko_arbitrum_one+uniswap_default | address appears in gmx-io/gmx-interface config,coingecko:gmx,not checked,
0x7f9fbf9bdd3f4105c478b996b648fe6e828a1e98,APE,ApeCoin,18,3803505,21.0,APE / USD,ape-usd,0x221912ce795669f628c51c69b7d0873eda9c03bb,USD,low,RefPrice,False,,2022-05-09 19:30:20,token_itself,APE: the feed's base asset is this token (coingecko coin 'apecoin' arbitrum-one platform address),coingecko:apecoin | tokenlists:coingecko_arbitrum_one | address appears in gmx-io/gmx-interface config,coingecko:apecoin,not checked,
0x539bde0d7dbd336b79148aa742883198bbf60342,MAGIC,MAGIC,18,3659545,22.0,MAGIC / USD,magic-usd,0x47e55ccec6582838e173f252d08afd8116c2202d,USD,low,RefPrice,False,,2022-06-03 18:58:06,token_itself,MAGIC: the feed's base asset is this token (coingecko coin 'magic' arbitrum-one platform address; bridged from coingecko coin 'magic' ethereum address 0xb0c7a3ba49c7a6eaba6cd4a96c55a1391070ac9a per arb_bridge_42161+arb_whitelist_era+arbed_coingecko),coingecko:magic | tokenlists:arb_bridge_42161+arb_whitelist_era+arbed_coingecko+coingecko_arbitrum_one+uniswap_default(L1 0xb0c7a3ba49c7a6eaba6cd4a96c55a1391070ac9a),coingecko:magic,not checked,
0x498bf2b1e120fed3ad3d42ea2165e9b73f99c1e5,crvUSD,Curve.Fi USD Stablecoin,18,3305552,25.0,CRVUSD / USD,crvusd-usd,0x0a32255dd4bb6177c994baac73e0606fdd568f66,USD,medium,RefPrice,False,,2024-01-17 19:56:20,token_itself,crvUSD: the feed's base asset is this token (coingecko coin 'crvusd' arbitrum-one platform address; bridged from coingecko coin 'crvusd' ethereum address 0xf939e0a03fb07f59a73314e73794be0e57ac1b4e per arbed_coingecko),coingecko:crvusd | tokenlists:arbed_coingecko+coingecko_arbitrum_one(L1 0xf939e0a03fb07f59a73314e73794be0e57ac1b4e),coingecko:crvusd,not checked,
0x11cdb42b0eb46d95f990bedd4695a6e3fa034978,CRV,Curve DAO Token,18,3073244,26.0,CRV / USD,crv-usd,0xaebda2c976cfd1ee1977eac079b4382acb849325,USD,low,RefPrice,False,,2022-02-15 16:20:59,token_itself,CRV: the feed's base asset is this token (coingecko coin 'curve-dao-token' arbitrum-one platform address; bridged from coingecko coin 'curve-dao-token' ethereum address 0xd533a949740bb3306d119cc777fa900ba034cd52 per arb_bridge_42161+arb_whitelist_era+arbed_coingecko+arbed_uniswap+uniswap_default),coingecko:curve-dao-token | tokenlists:arb_bridge_42161+arb_whitelist_era+arbed_coingecko+arbed_uniswap+coingecko_arbitrum_one+uniswap_default(L1 0xd533a949740bb3306d119cc777fa900ba034cd52),coingecko:curve-dao-token,not checked,
0xba5ddd1f9d7f570dc94a51479a000e3bce967196,AAVE,Aave Token,18,3052287,27.0,AAVE / USD,aave-usd,0xad1d5344aade45f43e596773bcc4c423eabdd034,USD,low,RefPrice,False,,2021-07-13 15:06:17,token_itself,AAVE: the feed's base asset is this token (coingecko coin 'aave' arbitrum-one platform address; bridged from coingecko coin 'aave' ethereum address 0x7fc66500c84a76ad7e9c93437bfc5ac33e2ddae9 per arbed_coingecko+arbed_uniswap+uniswap_default),aave_address_book:AAVE_UNDERLYING(oracle 0xf97eeaac36bdd096bb2445c7582f9095bfce04c7) | coingecko:aave | tokenlists:arbed_coingecko+arbed_uniswap+coingecko_arbitrum_one+uniswap_default(L1 0x7fc66500c84a76ad7e9c93437bfc5ac33e2ddae9) | address appears in gmx-io/gmx-interface config,coingecko:aave,not checked,
0x18c11fd286c5ec11c3b683caa813b77f5163a122,GNS,Gains Network,18,2814265,28.0,GNS / USD,gns-usd,0xe89e98ce4e19071e59ed4780e0598b541ce76486,USD,high,RefPrice,False,,2023-08-10 18:13:17,token_itself,GNS: the feed's base asset is this token (coingecko coin 'gains-network' arbitrum-one platform address),coingecko:gains-network | tokenlists:coingecko_arbitrum_one,,not checked,
0xeb466342c4d449bc9f53a865d5cb90586f405215,axlUSDC,Axelar Wrapped USDC,6,2634592,30.0,USDC / USD,usdc-usd,0x50834f3163758fcc1df9973b6e91f0f0f0434ad3,USD,low,RefPrice,False,,2021-07-13 15:08:53,third_party_bridge,axlUSDC: Axelar-bridged USDC,coingecko:axlusdc | tokenlists:coingecko_arbitrum_one,,not checked,
0x35751007a407ca6feffe80b3cb397736d2cf4dbe,weETH,Wrapped eETH,18,2419202,31.0,weETH / ETH,weeth-eth,0xe141425bc1594b8039de6390db1cdaf4397ea22b,ETH,medium,RefPrice,False,,2024-03-16 03:35:44,token_itself,weETH: the feed's base asset is this token (coingecko coin 'arbitrum-bridged-wrapped-eeth' arbitrum-one platform address; bridged from coingecko coin 'wrapped-eeth' ethereum address 0xcd5fe23c85820f7b72d0926fc9b05b43e359b7ee per arbed_coingecko),aave_address_book:weETH_UNDERLYING(oracle 0x258a576895dc50c990500775d6591ff2d52059f2) | coingecko:arbitrum-bridged-wrapped-eeth | tokenlists:arbed_coingecko+coingecko_arbitrum_one(L1 0xcd5fe23c85820f7b72d0926fc9b05b43e359b7ee),coingecko:wrapped-eeth,not checked,
0x2416092f143378750bb29b79ed961ab195cceea5,ezETH,Renzo Restaked ETH,18,2414420,32.0,ezETH / ETH,ezeth-eth,0x11e1836bff2ce9d6a5bec9ca79dc998210f3886d,ETH,high,RefPrice,False,,2024-03-16 03:35:27,token_itself,ezETH: the feed's base asset is this token (coingecko coin 'renzo-restaked-eth' arbitrum-one platform address),aave_address_book:ezETH_UNDERLYING(oracle 0x3c4b37b69e7e1ffd1669fe085c74a89c6c79d908) | coingecko:renzo-restaked-eth | tokenlists:coingecko_arbitrum_one,,not checked,
0x3082cc23568ea640225c2467653db90e9250aaa0,RDNT,Radiant,18,1942206,35.0,RDNT / USD,rdnt-usd,0x20d0fcab0ecfd078b036b6caf1fac69a6453b352,USD,medium,RefPrice,False,,2023-03-30 15:23:08,token_itself,RDNT: the feed's base asset is this token (coingecko coin 'radiant-capital' arbitrum-one platform address),coingecko:radiant-capital | tokenlists:coingecko_arbitrum_one,coingecko:radiant-capital,not checked,
0xfa7f8980b0f1e64a2062791cc3b0871572f1f7f0,UNI,Uniswap,18,1811832,37.0,UNI / USD,uni-usd,0x9c917083fdb403ab5adbec26ee294f6ecada2720,USD,low,RefPrice,False,,2021-09-01 09:47:07,token_itself,UNI: the feed's base asset is this token (coingecko coin 'uniswap' arbitrum-one platform address; bridged from coingecko coin 'uniswap' ethereum address 0x1f9840a85d5af5bf1d1762f925bdaddc4201f984 per arb_bridge_42161+arb_whitelist_era+arbed_coingecko+arbed_uniswap+uniswap_default),coingecko:uniswap | tokenlists:arb_bridge_42161+arb_whitelist_era+arbed_coingecko+arbed_uniswap+coingecko_arbitrum_one+uniswap_default(L1 0x1f9840a85d5af5bf1d1762f925bdaddc4201f984) | address appears in gmx-io/gmx-interface config,coingecko:uniswap,not checked,
0xd56734d7f9979dd94fae3d67c7e928234e71cd4c,TIA.n,TIA,6,1623296,40.0,TIA / USD,tia-usd,0x4096b9bfb4c34497b7a3939d4f629cf65ebf5634,USD,low,RefPrice,False,,2024-01-23 19:06:19,third_party_bridge,"TIA.n: Hyperlane-bridged TIA, native to Celestia",coingecko:bridged-tia-hyperlane | tokenlists:coingecko_arbitrum_one,,not checked,
0xc87b37a581ec3257b734886d9d3a581f5a9d056c,ATH,Aethir Token,18,1444799,43.0,ATH / USD,ath-usd,0x920e09a98f83b82701207ba7e433a5b53ecb888a,USD,low,RefPrice,False,,2025-08-08 07:53:04,token_itself,ATH: the feed's base asset is this token (coingecko coin 'aethir' arbitrum-one platform address),coingecko:aethir | tokenlists:coingecko_arbitrum_one,coingecko:aethir,not checked,
0xcbb7c0000ab88b473b1f5afd9ef808440eed33bf,cbBTC,Coinbase Wrapped BTC,8,1269243,48.0,BTC / USD,btc-usd,0x6ce185860a4963106506c203335a2910413708e9,USD,low,RefPrice,False,,2021-07-13 15:08:53,underlying_only,cbBTC: the feed prices only the underlying asset (BTC / USD),coingecko:coinbase-wrapped-btc | tokenlists:coingecko_arbitrum_one+uniswap_default,,not checked,
0x1b896893dfc86bb67cf57767298b9073d2c1ba2c,Cake,PancakeSwap Token,18,1256352,50.0,CAKE / USD,cake-usd,0x256654437f1ada8057684b18d742efd14034c400,USD,low,RefPrice,False,,2023-05-18 17:02:16,token_itself,Cake: the feed's base asset is this token (coingecko coin 'pancakeswap-token' arbitrum-one platform address),coingecko:pancakeswap-token | tokenlists:coingecko_arbitrum_one,coingecko:pancakeswap-token,not checked,
0x5d3a1ff2b6bab83b63cd9ad0787074081a52ef34,USDe,USDe,18,1241477,51.0,USDe / USD,usde-usd,0x88ac7bca36567525a866138f03a6f6844868e0bc,USD,low,RefPrice,False,,2024-04-08 18:53:46,token_itself,USDe: the feed's base asset is this token (coingecko coin 'ethena-usde' arbitrum-one platform address),coingecko:ethena-usde | tokenlists:coingecko_arbitrum_one | address appears in gmx-io/gmx-interface config,coingecko:ethena-usde,not checked,
0x2bcc6d6cdbbdc0a4071e48bb3b969b06b3330c07,SOL,Wrapped SOL,9,1136383,54.0,SOL / USD,sol-usd,0x24cea4b8ce57cda5058b924b9b9987992450590c,USD,low,RefPrice,False,,2022-02-15 16:23:32,third_party_bridge,SOL: Wormhole-bridged SOL,coingecko:sol-wormhole | tokenlists:coingecko_arbitrum_one | address appears in gmx-io/gmx-interface config,,not checked,
0x4186bfc76e2e237523cbc30fd220fe055156b41f,rsETH,KelpDao Restaked ETH,18,1070438,58.0,RSETH / ETH,rseth-eth,0xb0ea543f9f8d4b818550365d13f66da747e1476a,ETH,high,RefPrice,False,,2024-03-18 16:09:25,token_itself,rsETH: the feed's base asset is this token (coingecko coin 'kelp-dao-restaked-eth' arbitrum-one platform address),aave_address_book:rsETH_UNDERLYING(oracle 0x9f54122b14daf2211989446868b9aa1cf207292b) | coingecko:kelp-dao-restaked-eth | tokenlists:coingecko_arbitrum_one,,not checked,
0x6c84a8f1c29108f47a79964b5fe888d4f4d0de40,tBTC,Arbitrum tBTC v2,18,851714,63.0,TBTC / USD,tbtc-usd,0xe808488e8627f6531ba79a13a9e0271b39abeb1c,USD,medium,RefPrice,False,,2024-03-09 03:08:49,token_itself,tBTC: the feed's base asset is this token (coingecko coin 'tbtc' arbitrum-one platform address),aave_address_book:tBTC_UNDERLYING(oracle 0xde4af8b4747192ea29339d0feb36d9830d399134) | coingecko:tbtc | tokenlists:coingecko_arbitrum_one | address appears in gmx-io/gmx-interface config,coingecko:tbtc,not checked,
0x25d887ce7a35172c62febfd67a1856f20faebb00,PEPE,Pepe,18,764859,65.0,PEPE / USD,pepe-usd,0x02ded5a7edda750e3eb240b54437a54d57b74dbe,USD,low,RefPrice,False,,2023-07-21 16:07:20,token_itself,PEPE: the feed's base asset is this token (coingecko coin 'pepe' arbitrum-one platform address),coingecko:pepe | tokenlists:coingecko_arbitrum_one | address appears in gmx-io/gmx-interface config,coingecko:pepe,not checked,
0x17fc002b466eec40dae837fc4be5c67993ddbd6f,FRAX,Frax,18,749119,68.0,FRAX / USD,frax-usd,0x0809e3d38d1b4214958faf06d8b1b1a2b73f2ab8,USD,medium,RefPrice,False,,2021-10-27 00:27:28,token_itself,FRAX: the feed's base asset is this token (coingecko coin 'frax' arbitrum-one platform address),aave_address_book:FRAX_UNDERLYING(oracle 0x8aa156740411030cf9a6381baa51fa4f1af2c47c) | coingecko:frax | tokenlists:coingecko_arbitrum_one,coingecko:frax,not checked,
0x13ad51ed4f1b7e9dc168d8a00cb3f4ddd85efa60,LDO,Lido DAO Token,18,678713,70.0,LDO / USD,ldo-usd,0xa43a34030088e6510feccfb77e88ee5e7ed0fe64,USD,low,RefPrice,False,,2023-09-08 18:46:14,token_itself,LDO: the feed's base asset is this token (coingecko coin 'lido-dao' arbitrum-one platform address; bridged from coingecko coin 'lido-dao' ethereum address 0x5a98fcbea516cf06857215779fd812ca3bef1b32 per arbed_coingecko+arbed_uniswap+uniswap_default),coingecko:lido-dao | tokenlists:arbed_coingecko+arbed_uniswap+coingecko_arbitrum_one+uniswap_default(L1 0x5a98fcbea516cf06857215779fd812ca3bef1b32),coingecko:lido-dao,not checked,
0xec70dcb4a1efa46b8f2d97c310c9c4790ba5ffa8,rETH,Rocket Pool ETH,18,556747,83.0,RETH / ETH,reth-eth,0xd6ab2298946840262fcc278ff31516d39ff611ef,ETH,medium,RefPrice,False,,2023-09-28 20:08:52,token_itself,rETH: the feed's base asset is this token (coingecko coin 'rocket-pool-eth' arbitrum-one platform address; bridged from coingecko coin 'rocket-pool-eth' ethereum address 0xae78736cd615f374d3085123a210448e74fc6393 per arbed_coingecko),aave_address_book:rETH_UNDERLYING(oracle 0x0e82d4e66b8c41c532184bcd0d89781c0040d07a) | coingecko:rocket-pool-eth | tokenlists:arbed_coingecko+coingecko_arbitrum_one(L1 0xae78736cd615f374d3085123a210448e74fc6393),coingecko:rocket-pool-eth,not checked,
0xcafcd85d8ca7ad1e1c6f82f651fa15e33aefd07b,WOO,Wootrade Network,18,480839,94.0,WOO / USD,woo-usd,0x5e2b5c5c07cca3437c4d724225bb42c7e55d1597,USD,medium,RefPrice,False,,2023-10-12 15:39:10,token_itself,WOO: the feed's base asset is this token (coingecko coin 'woo-network' arbitrum-one platform address; bridged from coingecko coin 'woo-network' ethereum address 0x4691937a7508860f876c9c0a2a617e7d9e945d4b per arb_bridge_42161+arb_whitelist_era+arbed_coingecko+arbed_uniswap+uniswap_default),coingecko:woo-network | tokenlists:arb_bridge_42161+arb_whitelist_era+arbed_coingecko+arbed_uniswap+coingecko_arbitrum_one+uniswap_default(L1 0x4691937a7508860f876c9c0a2a617e7d9e945d4b),coingecko:woo-network,not checked,
0x0a1a1a107e45b7ced86833863f482bc5f4ed82ef,USDai,USDai,18,405950,112.0,USDAI / USD,usdai-usd,0xf3d6b05e69918d71807ab005791daccec5de8c78,USD,high,RefPrice,False,,2025-10-02 14:22:53,token_itself,USDai: the feed's base asset is this token (coingecko coin 'usdai' arbitrum-one platform address),coingecko:usdai | tokenlists:coingecko_arbitrum_one,,not checked,
0x7dff72693f6a4149b17e7c6314655f6a9f7c8b33,GHO,Gho Token,18,371834,122.0,GHO / USD,gho-usd,0x3c786e934f23375ca345c9b8d5ad54838796e8e7,USD,medium,RefPrice,False,,2024-05-17 17:49:14,token_itself,GHO: the feed's base asset is this token (coingecko coin 'gho' arbitrum-one platform address),aave_address_book:GHO_UNDERLYING(oracle 0xb05984ad83c20b3ade7bf97a9a0cb539dde28dbb) | coingecko:gho | tokenlists:coingecko_arbitrum_one,coingecko:gho,not checked,
0x354a6da3fcde098f8389cad84b0182725c6c91de,COMP,Compound,18,357192,126.0,COMP / USD,comp-usd,0xe7c53ffd03eb6cef7d208bc4c13446c76d1e5884,USD,low,RefPrice,False,,2022-06-23 02:11:16,token_itself,COMP: the feed's base asset is this token (coingecko coin 'compound-governance-token' arbitrum-one platform address; bridged from coingecko coin 'compound-governance-token' ethereum address 0xc00e94cb662c3520282e6f5717214004a7f26888 per arb_bridge_42161+arb_whitelist_era+arbed_coingecko+arbed_uniswap+uniswap_default),coingecko:compound-governance-token | tokenlists:arb_bridge_42161+arb_whitelist_era+arbed_coingecko+arbed_uniswap+coingecko_arbitrum_one+uniswap_default(L1 0xc00e94cb662c3520282e6f5717214004a7f26888),coingecko:compound-governance-token,not checked,
0xd4d42f0b6def4ce0383636770ef773390d85c61a,SUSHI,SushiToken,18,290762,148.0,SUSHI / USD,sushi-usd,0xb2a8ba74cbca38508ba1632761b56c897060147c,USD,low,RefPrice,False,,2021-09-01 09:49:07,token_itself,SUSHI: the feed's base asset is this token (coingecko coin 'sushi' arbitrum-one platform address; bridged from coingecko coin 'sushi' ethereum address 0x6b3595068778dd592e39a122f4f5a5cf09c90fe2 per arb_bridge_42161+arb_whitelist_era+arbed_coingecko+arbed_uniswap+uniswap_default),coingecko:sushi | tokenlists:arb_bridge_42161+arb_whitelist_era+arbed_coingecko+arbed_uniswap+coingecko_arbitrum_one+uniswap_default(L1 0x6b3595068778dd592e39a122f4f5a5cf09c90fe2),coingecko:sushi,not checked,
0x178412e79c25968a32e89b11f63b33f733770c2a,frxETH,Frax Ether,18,262050,160.0,frxETH-ETH Exchange Rate Low,frxeth-eth-low,0x1bd872f3a606471787b1a304ce0356e4e87af930,ETH,custom,ExRate,False,,2023-08-26 04:09:38,token_itself,frxETH: the feed's base asset is this token (coingecko coin 'frax-ether' arbitrum-one platform address),coingecko:frax-ether | tokenlists:coingecko_arbitrum_one,,not checked,
0x0c1c1c109fe34733fca54b82d7b46b75cfb71f6e,CHIP,Chip,18,259337,164.0,CHIP / USD,chip-usd,0x9da16a80b3c7c489dfcf11024763144d94a9dbd6,USD,unrated,,False,,2026-05-13 19:16:18,token_itself,CHIP: the feed's base asset is this token (coingecko coin 'chip-2' arbitrum-one platform address),coingecko:chip-2 | tokenlists:coingecko_arbitrum_one,,not checked,
0x1debd73e752beaf79865fd6446b0c970eae7732f,cbETH,Coinbase Wrapped Staked ETH,18,188056,194.0,CBETH / ETH,cbeth-eth,0xa668682974e3f121185a3cd94f00322bec674275,ETH,medium,RefPrice,False,,2023-03-10 21:45:15,token_itself,cbETH: the feed's base asset is this token (coingecko coin 'coinbase-wrapped-staked-eth' arbitrum-one platform address; bridged from coingecko coin 'coinbase-wrapped-staked-eth' ethereum address 0xbe9895146f7af43049ca1c1ae358b0541ea49704 per arbed_coingecko+arbed_uniswap+uniswap_default),coingecko:coinbase-wrapped-staked-eth | tokenlists:arbed_coingecko+arbed_uniswap+coingecko_arbitrum_one+uniswap_default(L1 0xbe9895146f7af43049ca1c1ae358b0541ea49704),coingecko:coinbase-wrapped-staked-eth,not checked,
0x561877b6b3dd7651313794e5f2894b2f18be0766,MATIC,Matic Token,18,156320,223.0,MATIC / USD,matic-usd,0x52099d4523531f678dfc568a7b1e5038aadce1d6,USD,high,RefPrice,False,,2022-08-25 01:45:54,canonical_bridge,MATIC: Arbitrum canonical-gateway copy of Ethereum MATIC,tokenlists:arbed_uniswap+uniswap_default(L1 0x7d1afa7b718fb893db30a3abc0cfc608aacfebb0),,not checked,
0x46850ad61c2b7d64d08c9c754f45254596696984,PYUSD,PayPal USD,6,155042,225.0,PYUSD / USD,pyusd-usd,0x3d50d699a812a0f66f36876df47b2ae68e781736,USD,low,RefPrice,False,,2026-01-15 15:45:44,token_itself,PYUSD: the feed's base asset is this token (coingecko coin 'paypal-usd' arbitrum-one platform address),coingecko:paypal-usd | tokenlists:coingecko_arbitrum_one,coingecko:paypal-usd,not checked,
0x93b346b6bc2548da6a1e7d98e9a421b42541425b,LUSD,LUSD Stablecoin,18,131343,247.0,LUSD / USD,lusd-usd,0x0411d28c94d85a36bc72cb0f875dfa8371d8ffff,USD,high,RefPrice,False,,2023-03-25 00:30:46,token_itself,LUSD: the feed's base asset is this token (coingecko coin 'liquity-usd' arbitrum-one platform address; bridged from coingecko coin 'liquity-usd' ethereum address 0x5f98805a4e8be255a32880fdec7f6728c6568ba0 per arbed_coingecko+arbed_uniswap+uniswap_default),aave_address_book:LUSD_UNDERLYING(oracle 0x8659250b67c7bda853ebebcf56dd22d6d4ae7617) | coingecko:liquity-usd | tokenlists:arbed_coingecko+arbed_uniswap+coingecko_arbitrum_one+uniswap_default(L1 0x5f98805a4e8be255a32880fdec7f6728c6568ba0),,not checked,
0x70d95587d40a2caf56bd97485ab3eec10bee6336,GM,GMX Market,18,100238,299.0,gmETH / USD,gmeth-usd,0xfb3264d1129824933a52374c2c1696f4470d041e,USD,custom,RefPrice,False,,2024-01-04 17:12:06,token_itself,GM: the feed's base asset is this token (gmx-io/gmx-interface market/GLV config: GM ETH/USD [WETH-USDC]),address appears in gmx-io/gmx-interface config,,not checked,
0x211cc4dd073734da055fbf44a2b4667d5e5fe5d2,sUSDe,Staked USDe,18,91152,317.0,sUSDe / USD,susde-usd,0xf2215b9c35b1697b5f47e407c917a40d055e68d7,USD,low,RefPrice,False,,2024-05-20 15:22:05,token_itself,sUSDe: the feed's base asset is this token (coingecko coin 'ethena-staked-usde' arbitrum-one platform address),coingecko:ethena-staked-usde | tokenlists:coingecko_arbitrum_one,coingecko:ethena-staked-usde,confirmed,"RPC (block 513452153): symbol sUSDe, name Staked USDe, dec 18, totalSupply 1,669,939.74. It is a LayerZero OFT: endpoint 0x1a44076050125825900e736c501f859c50fe728c, sharedDecimals 6, owner 0x89bad41d3307072cfd3118b5fd08101e23b2e129 (a contract). Its Ethereum peer (eid 30101) is 0x211cc4dd073734da055fbf44a2b4667d5e5fe5d2. Ethena docs (key-addresses, fetched today) say sUSDe is at 0x211Cc4DD073734dA055fbF44a2b4667d5E5fE5d2 on 'most L2s'. The only exceptions are Solana, ZKSync and Zircuit, and Arbitrum is on the chain list. CoinGecko ethena-staked-usde maps arbitrum-one to this address. The canonical-gateway address for L1 sUSDe (0x292cba96...) has no code, so no rival bridged copy exists. Feed check: description 'sUSDe / USD', latest 1.251474. It is a market price of sUSDe itself, not USDe and not the separate 'sUSDe / USDe Exchange Rate' feed (0x605ea726...). sUSDe gains value over time and does not rebase. Feed phase 1 starts 2024-05-20, so there is no feed data before that date."
0x47c031236e19d024b42f8ae6780e44a573170703,GM,GMX Market,18,88892,322.0,gmBTC / USD,gmbtc-usd,0x395d5c5d552df670dc4b2b1cef0c4eabffba492f,USD,custom,RefPrice,False,,2024-01-04 17:12:14,token_itself,GM: the feed's base asset is this token (gmx-io/gmx-interface market/GLV config: GM BTC/USD [WBTC.e-USDC]),address appears in gmx-io/gmx-interface config,,confirmed,"RPC: symbol GM, name GMX Market, dec 18, totalSupply 22,943,064.7. dataStore() is the GMX DataStore 0xfd70de6b...; roleStore() is 0x3c3d99fd.... The GMX Reader (0x470fbc46...) getMarkets lists this market as index BTC 0x47904963..., long WBTC 0x2f2a2543..., short native USDC 0xaf88d065.... This matches the gmx-interface config 'BTC/USD [WBTC.e-USDC]' and the Arbiscan title 'GM: BTC/USD [WBTC-USDC]'. Other BTC-index GM markets exist: 0x7c11f78c... (WBTC-WBTC, n=18311, has its own Chainlink feed 'GM BTC/USD [WBTC-WBTC]' 0x19ecdd6d...), 0xd6206869... (tBTC) and 0xe57b97f2.... Discriminating test: Reader.getMarketTokenPrice at the latest block, using Chainlink BTC/WBTC/USDC prices, gives 2.564423 for this market. The feed answer is 2.563963 (ratio 0.9998). The WBTC-WBTC market gives 1.296647 (ratio 1.977). So the feed prices exactly this GM token. Feed starts 2024-01-04; there is no data for Oct–Dec 2023."
0x3e6648c5a70a150a88bce65f4ad4d506fe15d2af,SPELL,Spell Token,18,74974,367.0,SPELL / USD,spell-usd,0x383b3624478124697bef675f07ca37570b73992f,USD,medium,RefPrice,False,,2021-10-20 14:14:31,token_itself,SPELL: the feed's base asset is this token (coingecko coin 'spell-token' arbitrum-one platform address; bridged from coingecko coin 'spell-token' ethereum address 0x090185f2135308bad17527004364ebcc2d37e5f6 per arb_bridge_42161+arb_whitelist_era+arbed_coingecko+arbed_uniswap+uniswap_default),coingecko:spell-token | tokenlists:arb_bridge_42161+arb_whitelist_era+arbed_coingecko+arbed_uniswap+coingecko_arbitrum_one+uniswap_default(L1 0x090185f2135308bad17527004364ebcc2d37e5f6),coingecko:spell-token,confirmed,"RPC: symbol SPELL, name Spell Token, dec 18, totalSupply 1,098,243,064. l1Address() is 0x090185f2135308bad17527004364ebcc2d37e5f6 (L1 SPELL), and l2Gateway is the standard gateway 0x09e9222e.... The Arbitrum L2GatewayRouter's calculateL2TokenAddress(L1 SPELL) returns this address, so this is the canonical-bridge token. It is listed in the Arbitrum bridge 'Arb Whitelist Era' list with matching bridgeInfo, and in arbed_coingecko, arbed_uniswap and the Uniswap default list. CoinGecko spell-token maps arbitrum-one to this address. Arbiscan shows 'Spell Token (SPELL)', verified source. Feed description 'SPELL / USD' (CEX price of SPELL, the same asset); the proxy has 3 phases, the first starting 2021-10-20, so the whole window is covered. Nothing refuted."
0x7424f00845777a06e21f0bd8873f814a8a814b2d,WXTZ,Wrapped XTZ,18,69006,388.0,XTZ / USD,xtz-usd,0xf3451fd5edde08cdae95a6233bad69de95552a61,USD,low,RefPrice,False,,2025-04-17 14:49:28,other_chain_asset,WXTZ: wrapped Tezos,coingecko:wrapped-xtz | tokenlists:coingecko_arbitrum_one,,confirmed,"RPC: symbol WXTZ, name Wrapped XTZ, dec 18, totalSupply 478,346.10. It is a LayerZero OFT v2: endpoint 0x1a44..., sharedDecimals 6, owner 0xc22d2161... (a Safe, 2 of 3). OFT peers: Etherlink eid 30292 and Ethereum 30101 both point to 0xc9b53ab2679f573e480d01e0f49e2b5cfb7a3eab; Base and BSC point to 0x91f9cc26.... The issuer is now verified. The Etherlink docs (evm/developing/tokens, fetched today) describe WXTZ as a WETH9-style wrapper of native XTZ on Etherlink, bridged as a LayerZero OFT by mint/burn. Their deployment table lists 'Arbitrum One 0x7424f00845777A06E21F0bd8873f814A8A814B2D'. CoinGecko wrapped-xtz maps arbitrum-one to this address. The feed 'XTZ / USD' prices native XTZ, not WXTZ. The 'bridged_variant' label is therefore accurate: the price relies on 1:1 backing through LayerZero and the Etherlink wrapper. Arbiscan reputation is Unknown, with 177 holders. Feed phase 1 starts 2025-04-17, so there is no feed data before that date."
0x3d15fd46ce9e551498328b1c83071d9509e2c3a0,uniETH,Universal ETH,18,68167,391.0,uniETH / ETH Exchange Rate,unieth-eth-exchange-rate,0xf18be32db91591a7256d738c166fa195a17457da,ETH,custom,ExRate,False,,2024-05-09 14:24:41,token_itself,uniETH: the feed's base asset is this token (coingecko coin 'universal-eth' arbitrum-one platform address),coingecko:universal-eth | tokenlists:coingecko_arbitrum_one,,confirmed,"RPC: symbol uniETH, name Universal ETH, dec 18, totalSupply only 100.09. It is not the canonical-bridge token. The canonical-gateway address for L1 uniETH 0xf1376bce... is 0xcdf9bc1f8362555984ee497a1ed3654f21662e7e: also named 'Universal ETH', supply 0.0185, not in the study data, and listed in arbed_coingecko. On this contract, owner() is 0xf380166f... (a 10 KB contract, not an EOA). Arbiscan reputation is Unknown, 1,931 holders, and its bytecode matches a generic template (the same source as 'Flourishing AI Token' 0x8d7c2588...). The issuer page decides it: Bedrock's 'Smart Contracts > uniETH' doc (fetched today) lists 'Supply of uniETH on different chains – Arbitrum One: arbiscan.io/token/0x3d15fd46ce9e551498328b1c83071d9509e2c3a0'. Bedrock's Arbitrum grant page also links a Ramses swap to this address. CoinGecko universal-eth maps arbitrum-one here. The feed is 'uniETH / ETH Exchange Rate', latest 1.14318. It gives Bedrock's redemption rate, not a market price. Llama/feed 0.9999. Feed starts 2024-05-09."
0x40461291347e1ecbb09499f3371d3f17f10d7159,XAUt0,XAUt0,6,60259,453.0,XAU / USD,xau-usd,0x1f954dc24a49708c26e0c1777f16750b5c6d5a2c,USD,low,RefPrice,False,,2022-04-27 04:14:40,underlying_only,XAUt0: the feed prices only the underlying asset (XAU / USD),coingecko:tether-gold-tokens | tokenlists:coingecko_arbitrum_one+uniswap_default,,confirmed,"RPC: symbol XAUt0, name XAUt0, decimals 6 (not 18), totalSupply 129.906. It is an EIP-1967 proxy (impl 0x9001dbe4..., admin 0x553ec478..., whose owner is 0x4dff9b5b...). owner() is 0x4dff9b5b0143e642a3f63a5bcf2d1c328e600bf8, a 3-of-5 Safe. The USDT0 docs list that same Safe for USDT0 on Arbitrum. USDT0 docs, XAUT0 deployments (JS bundle, fetched today): 'Arbitrum One … Token 0x40461291347e1eCbb09499F3371D3f17f10d7159, OFT 0xf40542a7…'. On-chain, that OFT's token() returns this address, and its Ethereum peer is 0xb9c2321b..., which the docs name as the XAUT OFT Adapter on Ethereum (source XAUT 0x68749665...). CoinGecko tether-gold-tokens maps arbitrum-one here, and it is in the Uniswap default list. Separate variant: the canonical-gateway XAUt 0x9b86f3c7d145979ec6b2f42ed7f92d06cfc6c9d3 (symbol XAUt, supply 0.097, n=436 in the study) is a different contract and must not be merged with this one. Feed: XAU/USD is spot gold with Precious_Metals market hours, so expect weekend gaps. Chainlink has XAUT/USD only as Data Streams; it is not in the Arbitrum feed list. Llama/feed is 0.9945, so XAUt trades about 0.5% below spot. Feed covers the window from 2022-04-27."
0x6491c05a82219b8d1479057361ff1654749b876b,USDS,USDS Stablecoin,18,53592,480.0,USDS / USD,usds-usd,0x37833e5b3fbbed4d613a3e0c354ef91a42b81eeb,USD,medium,RefPrice,False,,2025-02-14 18:22:30,token_itself,USDS: the feed's base asset is this token (coingecko coin 'usds' arbitrum-one platform address; bridged from coingecko coin 'usds' ethereum address 0xdc035d45d973e3ec169d2276ddab16f1e407384f per arbed_coingecko+arbed_uniswap+uniswap_default),coingecko:usds | tokenlists:arbed_coingecko+arbed_uniswap+coingecko_arbitrum_one+uniswap_default(L1 0xdc035d45d973e3ec169d2276ddab16f1e407384f),coingecko:usds,confirmed,"RPC: symbol USDS, name 'USDS Stablecoin', dec 18, totalSupply 99,766,512.9. It is an EIP-1967 proxy (impl 0x8479c012...). The L2GatewayRouter maps L1 USDS 0xdc035d45d973e3ec169d2276ddab16f1e407384f to this address through custom gateway 0x13f7f24ca959359a4d710d32c715d4bce273c793. That gateway's counterpartGateway() is 0x84b9700e28b23f873b82c1beb23d86c091b6079e, which equals ARBITRUM_TOKEN_BRIDGE in Sky's mainnet chainlog (fetched today). l1ToL2Token(L1 USDS) returns this address, and USDS.wards(gateway)=1. Sky's arbitrum-token-bridge README describes this escrow plus custom-gateway design. CoinGecko 'usds' maps arbitrum-one here (ethereum 0xdc035d45). It is in the arbed_coingecko, arbed_uniswap and Uniswap default lists. Sperax USDs is a different token, 0xd74f5255d557944cf7dd0e45ff521520002d5748 (CG sperax-usd). The Chainlink Arbitrum list has no Sperax feed. It also has 'sUSDS / USDS Exchange Rate' and a USDS Data Streams entry named 'Sky Dollar', so 'USDS / USD' is Sky's USDS. It does not rebase. Feed phase 1 starts 2025-02-14."
0xca5ca9083702c56b481d1eec86f1776fdbd2e594,RSR,Reserve Rights,18,39256,583.0,RSR / USD,rsr-usd,0xcff9349ec6d027f20fc9360117fef4a1ad38b488,USD,medium,RefPrice,False,,2024-03-08 22:17:09,token_itself,RSR: the feed's base asset is this token (coingecko coin 'reserve-rights-token' arbitrum-one platform address; bridged from coingecko coin 'reserve-rights-token' ethereum address 0x320623b8e4ff03373931769a31fc52a4e78b5d70 per arbed_coingecko+arbed_uniswap+uniswap_default),coingecko:reserve-rights-token | tokenlists:arbed_coingecko+arbed_uniswap+coingecko_arbitrum_one+uniswap_default(L1 0x320623b8e4ff03373931769a31fc52a4e78b5d70),coingecko:reserve-rights-token,confirmed,"RPC: symbol RSR, name Reserve Rights, dec 18, totalSupply 29,913,223.6. l1Address() is 0x320623b8e4ff03373931769a31fc52a4e78b5d70 (the current RSR, after the 2022 migration) and l2Gateway is the standard gateway 0x09e9222e.... The L2GatewayRouter's calculateL2TokenAddress(new RSR) returns this address. The old RSR 0x8762db10... would map to 0xbe5804e1..., which has no code, so there is no legacy variant on Arbitrum. CoinGecko reserve-rights-token maps arbitrum-one here (ethereum 0x320623b8). It is in arbed_coingecko, arbed_uniswap and the Uniswap default list with matching bridgeInfo. Arbiscan shows 'Reserve Rights (rsr)', verified. The feed is the CEX price of RSR. Feed phase 1 starts 2024-03-08, so there is no feed data before that date."
0x40bd670a58238e6e230c430bbb5ce6ec0d40df48,MORPHO,Morpho Token,18,38926,588.0,MORPHO / USD,morpho-usd,0x1e48733eeee02468b674b69958b046eb6a0a7d94,USD,medium,RefPrice,False,,2026-07-02 14:15:20,token_itself,MORPHO: the feed's base asset is this token (coingecko coin 'morpho' arbitrum-one platform address),coingecko:morpho | tokenlists:coingecko_arbitrum_one,coingecko:morpho,confirmed,"RPC: symbol MORPHO, name 'Morpho Token', dec 18, totalSupply 52,729.16. It is an EIP-1967 proxy. Adversarial finding: the Uniswap default list and the arbed lists point MORPHO to a different address, the canonical-gateway token 0xe390c0b46bd723995be02640e6f1e1c802f620ac (also named 'Morpho Token'). That token has totalSupply 0 and n=5 in the study. The issuer settles it. Morpho docs (developers/contracts/addresses, fetched today), under Arbitrum, list 'MORPHO 0x40BD670A58238e6E230c430BBb5cE6ec0d40df48 (morpho-org/morpho-token-l0)' with MorphoMintBurnOFTAdapter 0xFc3329363cd51adBBaa52E389bEE389981ccaAE0. On-chain, that adapter's token() returns this address, its Ethereum peer is 0x50d3d6fd..., which the docs list as the Ethereum MorphoOFTAdapter, and its owner is a 5-of-9 Safe. CoinGecko morpho maps arbitrum-one here, and Arbiscan rates it 'OK'. The feed prices the same MORPHO asset. Caveat: the feed has only phase 1, whose first round is 2026-07-02 14:15 UTC. That is after the observation window ends (2026-06-30), so it has no data inside the window."
0x3f56e0c36d275367b8c502090edf38289b3dea0d,MAI,Mai Stablecoin,18,34610,625.0,MIMATIC / USD,mimatic-usd,0x59644ec622243878d1464a9504f9e9a31294128a,USD,high,RefPrice,False,,2023-03-25 00:30:10,token_itself,MAI: the feed's base asset is this token (aave_address_book:MAI_UNDERLYING),aave_address_book:MAI_UNDERLYING(oracle 0xaf92b0a685a15f4e26b6d7da86f1a9c8c01e2a09),,confirmed,"RPC: symbol MAI, name 'Mai Stablecoin', dec 18, totalSupply 12,150,005. owner is 0xf32e759d... (a 2-of-4 Safe). It is not the canonical-gateway token: that is 0x61b57a51415e2e39046565776123c6fcbce8b994, also 'Mai Stablecoin', supply 10.1, not in the study. The Aave address book AaveV3Arbitrum.sol has MAI_UNDERLYING = this address. On-chain, AaveOracle 0xb56c2f0b... getSourceOfAsset(this) returns 0xaf92b0a6... ('Capped MAI/USD'), whose ASSET_TO_USD_AGGREGATOR() is exactly the claimed feed proxy 0x59644ec6.... So Aave governance ties this token to this feed. The Aave reserve was listed 2023-05-15 and is now frozen. Unverified points: QiDao's own docs no longer publish an address page (old URL returns 404, new docs have no addresses). CoinGecko 'mimatic' has no arbitrum-one platform; it lists 0x3f56 only on Klaytn, Boba, Harmony, IoTeX and Gnosis. Arbiscan shows 'Mai Stablecoin (MAI)', verified. Feed 'MIMATIC / USD', category high, starts 2023-03-25 (covers the window). Latest answer 0.99595."
0xe05a08226c49b636acf99c40da8dc6af83ce5bb3,ankrETH,Ankr Staked ETH,18,33652,639.0,ankrETH / ETH Exchange Rate,ankreth-eth-exchange-rate,0x5fb73f7af8a29297953d3611422826039338e5b4,ETH,custom,ExRate,False,,2024-06-20 17:41:34,token_itself,ankrETH: the feed's base asset is this token (coingecko coin 'ankreth' arbitrum-one platform address),coingecko:ankreth | tokenlists:coingecko_arbitrum_one,,confirmed,"RPC: symbol ankrETH, name 'Ankr Staked ETH', dec 18, totalSupply 18.78. It is a beacon-style proxy (beacon slot and owner() both 0xc437df90...). It is not the canonical-gateway token: that is 0x11da74c50227ec79b786faa6090fa5c9ad65f156, 'aETHc' (the old name), supply 0.0199, not in the study. Ankr's 'LS smart contract addresses (mainnet)' page (fetched today), under Arbitrum, lists 'ankrETH (0xe05a08226c49b636acf99c40da8dc6af83ce5bb3; Ankr Bridge)'. The same address is listed for BSC and Optimism, and CoinGecko ankreth maps arbitrum-one here. Feed match: the token's own ratio() is 0.805455272764898620, and 1/ratio = 1.241510 equals the feed answer 1.2415100. The exchange rate is the redemption NAV in ETH, not a market price. Llama/feed is 0.991, with llama confidence 0.86. Feed starts 2024-06-20."
0xc25cef6061cf5de5eb761b50e4743c1f5d7e5407,GM,GMX Market,18,33302,642.0,gmARB / USD,gmarb-usd,0x5d046567b97b0d7322f2402e3b34bf789ce329f5,USD,custom,RefPrice,False,,2024-01-04 17:12:01,token_itself,GM: the feed's base asset is this token (gmx-io/gmx-interface market/GLV config: GM ARB/USD [ARB-USDC]),address appears in gmx-io/gmx-interface config,,confirmed,"RPC: symbol GM, name GMX Market, dec 18, totalSupply 949,136.93. dataStore() is the GMX DataStore 0xfd70de6b.... GMX Reader.getMarkets lists this market as index ARB 0x912ce591..., long ARB, short native USDC 0xaf88.... This matches the gmx-interface config 'ARB/USD [ARB-USDC]' and the Arbiscan title 'GM: ARB/USD [ARB-USDC]'. The only other ARB-index market is 0x672fea44... (ARB-ARB single-sided, n=61). Discriminating test: on-chain getMarketTokenPrice at the latest block gives 0.946013 for this market. The feed answer is 0.949403, updated about 2.7 h earlier (ratio 1.0036, inside the 0.5% deviation band). The ARB-ARB market gives 0.472104 (ratio 2.01). So the feed prices exactly this GM token. Feed starts 2024-01-04; there is no data for Oct–Dec 2023."
0x450bb6774dd8a756274e0ab4107953259d2ac541,GM,GMX Market,18,27648,706.0,GM ETH/USD [wETH-wETH],gm-eth-usd-weth-weth,0xeaefff521cb36dfb414e8580f8635bfb44d96255,USD,custom,RefPrice,False,,2024-08-04 04:09:59,token_itself,GM: the feed's base asset is this token (gmx-io/gmx-interface market/GLV config: GM ETH/USD [WETH-WETH]),address appears in gmx-io/gmx-interface config,,confirmed,"RPC 2026-10-10: symbol GM, name 'GMX Market', 18 dec, totalSupply 20,237,030 GM. No EIP-1967 proxy slots were set. GMX DataStore 0xfd70de6b91282d8017aa4e741e9ae325cab992d8 (address confirmed by gmx-synthetics deployments/arbitrum/DataStore.json) has this address in MARKET_LIST, with index = long = short = WETH 0x82af49447d8a07e3bd95bd0d56f35241523fbab1. gmx-interface sdk/src/configs/markets.ts (GitHub raw) labels it 'ETH/USD [WETH-WETH]'. The feed's description() on-chain is 'GM ETH/USD [wETH-wETH]' and the Chainlink directory gives baseAsset gmWETH, attributeType gm. Price check: feed answer 0.85406 (updated 2026-10-09 15:08 UTC). My on-chain estimate (DataStore WETH poolAmount x Chainlink ETH/USD / GM supply, which ignores trader PnL) is 0.85715, -0.36% from the feed. Llama gives 0.85649. The next-closest GM market's estimate is 2% away (0xf913b474..., 0.837). Caveat: the feed's first round is 2024-08-04, so it does not cover the start of the observation window."
0x2e9a6df78e42a30712c10a9dc4b1c8656f8f2879,4d4b520000000000000000000000000000000000000000000000000000000000,4d616b6572000000000000000000000000000000000000000000000000000000,18,26958,711.0,MKR / USD,mkr-usd,0xde9f0894670c4efcacf370426f10c3ad2cdf147e,USD,high,RefPrice,False,,2022-04-19 16:33:13,token_itself,4d4b520000000000000000000000000000000000000000000000000000000000: the feed's base asset is this token (Arbitrum token list(s) arb_bridge_42161+arb_whitelist_era+arbed_coingecko+arbed_uniswap+uniswap_default: bridged from coingecko coin 'maker' ethereum address 0x9f8f72aa9304c8b593d555f12ef6589cc3a579a2; note: on-chain symbol() returns the hex text of bytes32 'MKR'),tokenlists:arb_bridge_42161+arb_whitelist_era+arbed_coingecko+arbed_uniswap+uniswap_default(L1 0x9f8f72aa9304c8b593d555f12ef6589cc3a579a2),,confirmed,"RPC: l1Address() = 0x9f8f72aa9304c8b593d555f12ef6589cc3a579a2 (L1 MKR), and l2Gateway() = 0x09e9222e96e7b4ae2a407b98d48e330053351eee (the standard L2ERC20Gateway). The L2GatewayRouter 0x5288c571fd7ad117bea99bf60fe0846c4e84f933 calculateL2TokenAddress(L1 MKR) returns exactly this address, via the standard gateway. It is a standard bridged-token beacon proxy (beacon 0xe72ba9418b5f2ce0a6a40501fe77c6839aa37333). The Arbitrum bridge lists arb_whitelist_era, arbed_coingecko and arbed_uniswap_labs all list it as Maker, l1 0x9f8f...a2. totalSupply on Arbitrum is only 52.16 MKR. The symbol/name quirk is confirmed: they return the hex text of bytes32. The feed description() is 'MKR / USD', which prices L1 MKR, the same asset 1:1 via the canonical bridge. Price check: feed 1787.79 vs llama 1763.54 (ratio 0.9864, matching the claim). The directory gives attributeType dex_state_price."
0x74885b4d524d497261259b38900f54e6dbad2210,APE,ApeCoin,18,23211,768.0,APE / USD,ape-usd,0x221912ce795669f628c51c69b7d0873eda9c03bb,USD,low,RefPrice,False,,2022-05-09 19:30:20,canonical_bridge,APE: Arbitrum canonical-gateway copy of Ethereum ApeCoin,tokenlists:arbed_coingecko+arbed_uniswap+uniswap_default(L1 0x4d224452801aced8b2f0aebe155379bb5d594381),coingecko:apecoin,confirmed,"The 'bridged_variant' claim holds. RPC: l1Address() = 0x4d224452801aced8b2f0aebe155379bb5d594381 (L1 APE), l2Gateway() is the standard gateway, and router calculateL2TokenAddress(L1 APE) returns this exact address. It is a standard beacon proxy. totalSupply is 29,531 APE. arbed_coingecko and arbed_uniswap_labs list it with that L1 address. It is not the main Arbitrum APE: the CoinGecko token list and the gmx-interface tokens.ts both use 0x7f9fbf9bdd3f4105c478b996b648fe6e828a1e98 (a LayerZero v2 OFT whose Ethereum peer is 0x5182fede730b31a9cf7f49c5781214b4a99f2370; supply 1.002B). The gmx-interface code calls 0x7488... 'APE_deprecated'. Llama returns no price for 0x7488... and prices 0x7f9f... at 0.15107. The feed (APE / USD, cex_price) reads 0.15161. Price equivalence rests on 1:1 redeemability through the canonical bridge (assumed, not tested)."
0x7c11f78ce78768518d743e81fdfa2f860c6b9a77,GM,GMX Market,18,18311,861.0,GM BTC/USD [WBTC-WBTC],gm-btc-usd-wbtc-wbtc,0x19ecdd6ddc12597ec4a522fb1e25b1a580b605b7,USD,custom,RefPrice,False,,2024-08-05 14:50:38,token_itself,GM: the feed's base asset is this token (gmx-io/gmx-interface market/GLV config: GM BTC/USD [WBTC.e-WBTC.e]),address appears in gmx-io/gmx-interface config,,confirmed,"RPC: GM / 'GMX Market' / 18 dec, totalSupply 7,202,800 GM. GMX DataStore has it in MARKET_LIST with index 0x47904963fc8b2340414262125af798b9655e58cd (GMX BTC index) and long = short = WBTC 0x2f2a2543b76a4166549f7aab2e75bef0aefc5b0f. gmx-interface markets.ts labels it 'BTC/USD [WBTC.e-WBTC.e]'. The feed's description() is 'GM BTC/USD [WBTC-WBTC]' (baseAsset gmWBTC). Price check: feed answer 1.29934. My on-chain estimate (WBTC poolAmount x Chainlink WBTC/USD / supply, ignoring trader PnL) is 1.30180 (+0.19%), and llama gives 1.29905. Caveat: the feed's first round is 2024-08-05, so it does not cover the start of the observation window."
0xce38e140fc3982a6bcebc37b040913ef2cd6c5a7,AAPL,Apple Inc. - Dinari,18,17574,883.0,AAPL / USD,aapl-usd,0x8d0cc5f38f9e802475f2cff4f9fc7000c2e1557c,USD,low,RefPrice,False,,2023-09-07 23:47:12,underlying_only,AAPL: the feed prices only the underlying asset (AAPL / USD),coingecko:apple-dinari-tokenized-stock | tokenlists:coingecko_arbitrum_one,,confirmed,"RPC: symbol 'AAPL' (not 'AAPL.d'), name 'Apple Inc. - Dinari', 18 dec, totalSupply 548.10. balancePerShare() = 1e18, so no split multiplier is active. paused() = false. It has a blacklist (transfer restrictions) and a LayerZero v2 endpoint 0x1a44076050125825900e736c501f859c50fe728c (sharedDecimals 9). It is a BeaconProxy: beacon 0x15436013850211acf89b656f34b426fdae01dacb, implementation 0xab6d0e334f0c739ddf66edd64851aee403b8e2d1, beacon owner 0x06b09f6008780771980bfe7d4bb821f5f1aa60a3. The Arbiscan token page title reads 'Dinari AAPL (aapl.d)'. The CoinGecko arbitrum-one token list gives 'Apple (Dinari Tokenized Stock)' at this address. Llama prices arbitrum:0xce38... the same as coingecko:apple-dinari-tokenized-stock (336.32). Feed AAPL / USD reads 337.655 (ratio 0.996). Third-party sources (Zerion, RWA.xyz, inception 2023-11-13) give the same address. I did not read a Dinari-published address list (unverified). Caveats: the feed prices the share, not the token wrapper (underlying proxy), and only during NYSE hours; dividends are not reflected."
0x23ee2343b892b1bb63503a4fabc840e0e2c6810f,AXL,Axelar,6,15977,919.0,AXL / USD,axl-usd,0x84e8237cc1418ea1b4a1e0c3e7f48c3a5fbc81af,USD,medium,RefPrice,False,,2024-01-23 19:25:39,token_itself,AXL: the feed's base asset is this token (coingecko coin 'axelar' arbitrum-one platform address; bridged from coingecko coin 'axelar' ethereum address 0x467719ad09025fcc6cf6f8311755809d45a5e5f3 per uniswap_default),coingecko:axelar | tokenlists:coingecko_arbitrum_one+uniswap_default(L1 0x467719ad09025fcc6cf6f8311755809d45a5e5f3),coingecko:axelar,confirmed,"RPC: AXL / Axelar / 6 dec, totalSupply 738,734.51. Its owner() is 0xe432150cce91c13a887f7d836923d5597add8e31. That address is the AxelarGateway for Arbitrum in axelarnetwork/axelar-contract-deployments mainnet.json (GitHub raw), and its tokenAddresses('AXL') returns this exact address, so this is Axelar's own gateway-minted AXL. The CoinGecko arbitrum-one list maps AXL to this address. Llama prices it the same as L1 AXL (0.052940); feed 0.053001 (ratio 0.9989). Note: a different contract, 0xf701d1d701ad494d7e3ec69bd1dd5d5443651487, is the Arbitrum canonical-bridge copy of L1 AXL (supply 0.64 AXL). That copy is the AXL entry in the arbed_coingecko and arbed_uniswap_labs lists; it is not the candidate. The 'uniswap_default' list claim was not reproduced: the GitHub default-token-list arbitrum.json I fetched is a small file."
0x35e6a59f786d9266c7961ea28c7b768b33959cbb,PEPE,Pepe,18,14110,958.0,PEPE / USD,pepe-usd,0x02ded5a7edda750e3eb240b54437a54d57b74dbe,USD,low,RefPrice,False,,2023-07-21 16:07:20,canonical_bridge,PEPE: Arbitrum canonical-gateway copy of Ethereum PEPE,tokenlists:arbed_coingecko+arbed_uniswap+uniswap_default(L1 0x6982508145454ce325ddbe47a25d4ec3d2311933),coingecko:pepe,confirmed,"The 'bridged_variant' claim holds. RPC: l1Address() = 0x6982508145454ce325ddbe47a25d4ec3d2311933 (L1 PEPE), standard gateway 0x09e9...eee, and router calculateL2TokenAddress(L1 PEPE) returns this exact address. It is a standard beacon proxy. totalSupply is 7.80B PEPE. arbed_coingecko and arbed_uniswap_labs list it with that L1 address. Llama returns no price for it. The CoinGecko arbitrum-one list and llama instead treat 0x25d887ce7a35172c62febfd67a1856f20faebb00 as Arbitrum PEPE. That contract is a LayerZero v1 OFT whose Ethereum trusted remote is 0x25d887ce... itself, not L1 PEPE 0x6982..., and its issuer is unverified. Feed PEPE / USD reads 4.032e-6; llama L1 PEPE is 4.0229e-6. Price equivalence rests on 1:1 canonical-bridge redeemability (assumed)."
0xbc011a12da28e8f0f528d9ee5e7039e22f91cf18,swETH,swETH,18,10943,1067.0,swETH / ETH Exchange Rate,sweth-eth exchange rate,0xecd471ef663eceffc7d731a0c7e51007433e6d6e,ETH,custom,ExRate,False,,2023-12-01 23:05:26,token_itself,swETH: the feed's base asset is this token (coingecko coin 'sweth' arbitrum-one platform address),coingecko:sweth | tokenlists:coingecko_arbitrum_one,,confirmed,"RPC: swETH / swETH / 18 dec, totalSupply 33.42. Arbiscan reports the verified contract name as 'SwETHOFT'. It is a LayerZero v1 OFT: lzEndpoint 0x3c2269811836af69497e5f486a85d7316753cf62, and the Ethereum (chain 101) trusted remote is 0x5c6392a69dc11f254457716c682f70e4b2ed7b05. That L1 counterpart is unverified because there was no L1 RPC. The owner is a Gnosis Safe v1.3.0 (4-of-7), 0xab66b26f3de8f654a151005583053a21adb124eb. It is not the canonical-bridge copy: router calculateL2TokenAddress(L1 swETH 0xf951e335...) gives 0xfef60f8aecb16173169180fce40800ed966b60fb (supply 0.0402). The CoinGecko arbitrum-one list maps swETH to 0xbc011..., and llama prices it at the L1 swETH price (2818.37). Feed check: 1.131792 x ETH 2492.21 = 2820.6 (llama/feed 0.9992). The Swell docs page returned 403, so issuer confirmation is unverified. Third-party pages (MEW, The Block) list the same address."
0x528a5bac7e746c9a509a1f4f6df58a03d44279f9,GLV [WETH-USDC],GMX Liquidity Vault [WETH-USDC],18,8874,1188.0,GLV [WETH-USDC] / USD,glv-weth-usdc-usd,0xf9329b38084cbe893894f19a518fc6cd306d9930,USD,new,RefPrice,True,,2025-11-04 10:10:45,token_itself,GLV [WETH-USDC]: the feed's base asset is this token (gmx-io/gmx-interface market/GLV config: GLV [WETH-USDC]),address appears in gmx-io/gmx-interface config,,confirmed,"RPC: totalSupply 10,495,480. GMX DataStore has it in GLV_LIST with long WETH 0x82af... and short native USDC 0xaf88d065e77c8cc2239327c5edb3a432268e5831, across 54 supported GM markets. gmx-interface src/config/markets.ts GLV_MARKETS lists it as 'GLV [WETH-USDC]'. The feed's description() is 'GLV [WETH-USDC] / USD' (hidden in the directory, underlyingAsset WETH-USDC); answer 1.37629. A second hidden feed prices the same token: 'GLV [WETH-USDC]-USD', path glv-token-eth, proxy 0xd0e31451f58d3991045d68c479ea80d37e418851, 8 dec, answer 1.37610. Llama gives 1.37484 (ratio 0.9989). The GLV [BTC-USDC] feeds sit about 1.57, so the feeds are distinguishable. My crude on-chain estimate (sum of GM balances x pool-amount GM prices, ignoring trader PnL and the impact pool) is 1.4307, +4% from the feed. That is consistent but loose, so the feed match rests on the name plus llama. Caveat: the claimed 18-dec feed's first round is 2025-11-04, while the 8-dec feed starts 2024-12-19."
0xf7d4e7273e5015c96728a6b02f31c505ee184603,osETH,Staked ETH,18,6215,1397.0,osETH / ETH Exchange Rate,oseth-eth-exchange-rate,0xb4102d5e72c402d537c9f024f4bd9c3709fe200d,ETH,custom,ExRate,False,,2024-06-05 16:48:02,token_itself,osETH: the feed's base asset is this token (coingecko coin 'stakewise-v3-oseth' arbitrum-one platform address),coingecko:stakewise-v3-oseth | tokenlists:coingecko_arbitrum_one,,confirmed,"RPC: osETH / 'Staked ETH' / 18 dec, totalSupply 16.02. Arbiscan reports the verified contract name as 'OsToken', with token tracker 'StakeWise Staked ETH (osETH)'. Its bytecode exposes controllers/setController/mint/burn. The owner is a Gnosis Safe v1.3.0 (4-of-7), 0xb24d11d64af594ccf280b9985e02aa7f57b5687d. It is not the canonical-bridge copy: router calculateL2TokenAddress(L1 osETH 0xf1c9acdc...) gives 0x6801ae6ed3f95a981eed5c413275e63b8ff1d5d6 (supply 0.011). A StakeWise blog post (2024-06-20) says osETH is bridged to Arbitrum through the StakeWise Bridge using Wormhole NTT. Consistent with that, the first mint is 2024-05-28, and mints come through contracts 0x27428dd2d3dd32a4d7f7c497eaaa23130d894911 and 0xaf7ae721070c25df97043381509dbc042e65736f; their identity is unverified. The CoinGecko arbitrum-one list maps osETH to this address, and llama prices it at the L1 osETH price (2683.96). Feed check: 1.080674 x ETH 2492.21 = 2693.3 (ratio 0.9965). The token exists only from 2024-05 onward."
0xd22a58f79e9481d1a88e00c343885a588b34b68b,EURS,STASIS EURS Token,2,5581,1465.0,EUR / USD,eur-usd,0xa14d53bc1f1c0f31b4aa3bd109344e5009051a84,USD,low,RefPrice,False,,2021-08-17 06:47:29,underlying_only,EURS: the feed prices only the underlying asset (EUR / USD),aave_address_book:EURS_UNDERLYING(oracle 0xa14d53bc1f1c0f31b4aa3bd109344e5009051a84),,disputed,"Supporting the claim: this is the Aave V3 Arbitrum EURS_UNDERLYING in the aave-address-book, and the Aave oracle 0xb56c2f0b... getSourceOfAsset returns the EUR/USD proxy (verified on-chain). Name, symbol and decimals match STASIS EURS, and CoinDesk lists it as EURS on Arbitrum (2021-10-29). Against it: Arbiscan reports the verified contract as 'AnyswapV5ERC20', a Multichain anyToken. Its vault = mpc = sole minter is 0xc931f61b1534eb21d8c11b24f3f5ab2471d4ab50, and underlying() = 0. The mint/burn logs show 326 mints, all sent through 0xc931... by 0x2a038e10..., with the last mint on 2023-07-01 and the last burn on 2023-08-01. So the bridge has been inactive since Multichain's collapse in July 2023, which covers the whole observation window, and redeemability is unverified. Aave now has the reserve frozen (isFrozen = 1, LTV 0, supply and borrow caps of 1). Llama returns no price for it. The Arbitrum canonical-bridge copy of L1 EURS is a different contract, 0x5d8c5293dabc2c861d2f6dbd4bb0600889fdadf3 (221.19 EURS), and it is the EURS entry in arbed_coingecko. STASIS's 2022 Aave proposal names no Arbitrum contract. totalSupply is 42,746.60 EURS. The EUR/USD proxy is unreliable for a stranded bridge wrapper."
0x6314c31a7a1652ce482cffe247e9cb7c3f4bb9af,1INCH,1INCH Token,18,5299,1498.0,1INCH / USD,1inch-usd,0x4bc735ef24bf286983024cad5d03f0738865aaef,USD,medium,RefPrice,False,,2023-05-18 16:06:34,token_itself,1INCH: the feed's base asset is this token (coingecko coin '1inch' arbitrum-one platform address; bridged from coingecko coin '1inch' ethereum address 0x111111111117dc0aa78b770fa6a738034120c302 per arbed_coingecko+arbed_uniswap+uniswap_default),coingecko:1inch | tokenlists:arbed_coingecko+arbed_uniswap+coingecko_arbitrum_one+uniswap_default(L1 0x111111111117dc0aa78b770fa6a738034120c302),coingecko:1inch,confirmed,"RPC: l1Address() = 0x111111111117dc0aa78b770fa6a738034120c302 (L1 1INCH), standard gateway 0x09e9...eee, and router calculateL2TokenAddress(L1 1INCH) returns this exact address. It is a standard beacon proxy. totalSupply is 7,984 1INCH. arbed_coingecko, arbed_uniswap_labs and the CoinGecko arbitrum-one list all map 1INCH to this address, so it is both the canonical-bridge copy and CoinGecko's Arbitrum 1INCH. Llama prices it the same as L1 1INCH (0.09780); feed 1INCH / USD reads 0.09794 (ratio 0.9985)."
0xdf03eed325b82bc1d4db8b49c30ecc9e05104b96,GLV [WBTC-USDC],GMX Liquidity Vault [WBTC-USDC],18,4771,1568.0,GLV [BTC-USDC] / USD,glv-btc-usdc-usd,0x88d7538a4cd2664fcd610fe2a39b9ac01e430d3e,USD,new,RefPrice,True,,2025-11-04 10:10:48,token_itself,GLV [WBTC-USDC]: the feed's base asset is this token (gmx-io/gmx-interface market/GLV config: GLV [WBTC-USDC]),address appears in gmx-io/gmx-interface config,,not checked,
0x58538e6a46e07434d7e7375bc268d3cb839c0133,ENA,ENA,18,4298,1639.0,ENA / USD,ena-usd,0x9ee96caa9972c801058caa8e23419fc6516fbf7e,USD,low,RefPrice,False,,2024-11-08 02:01:58,token_itself,ENA: the feed's base asset is this token (coingecko coin 'ethena' arbitrum-one platform address),coingecko:ethena | tokenlists:coingecko_arbitrum_one,coingecko:ethena,not checked,
0x35e5db674d8e93a03d814fa0ada70731efe8a4b9,RLP,Resolv Liquidity Provider Token,18,3267,1891.0,RLP-USD Exchange Rate,rlp-usd-exchange-rate,0x3861d83ed006a6570ce8eb9878f4df0df889a2da,USD,custom,ExRate,False,,2025-09-17 10:00:58,token_itself,RLP: the feed's base asset is this token (coingecko coin 'resolv-rlp' arbitrum-one platform address),coingecko:resolv-rlp | tokenlists:coingecko_arbitrum_one,,not checked,
0xfeb4dfc8c4cf7ed305bb08065d08ec6ee6728429,PAXG,Paxos Gold,18,3197,1913.0,PAXG / USD,paxg-usd,0x2ba975d4d7922cd264267af16f3bd177f206fe3c,USD,low,RefPrice,False,,2022-04-11 18:06:38,token_itself,PAXG: the feed's base asset is this token (Arbitrum token list(s) arbed_coingecko+arbed_uniswap: bridged from coingecko coin 'pax-gold' ethereum address 0x45804880de22913dafe09f4980848ece6ecbaf78),tokenlists:arbed_coingecko+arbed_uniswap(L1 0x45804880de22913dafe09f4980848ece6ecbaf78),coingecko:pax-gold,not checked,
0x20865e63b111b2649ef829ec220536c82c58ad7b,BNB,BNB,18,2720,2129.0,BNB / USD,bnb-usd,0x6970460aabf80c5be983c6b74e5d06dedca95d4a,USD,low,RefPrice,False,,2022-04-26 23:21:02,other_chain_asset,BNB: gateway copy of the legacy Ethereum BNB token; BNB is native to BNB Chain,tokenlists:arbed_coingecko(L1 0xb8c77482e45f1f44de1745f52c74426c631bdd52),,not checked,
0x4772d2e014f9fc3a820c444e3313968e9a5c8121,yUSD,YieldFi yUSD,18,2447,2268.0,yUSD / USD Exchange Rate,yusd-usd-exchange-rate,0x875c69da7ae092e4dc277171e9c373718ddb25e2,USD,custom,ExRate,False,,2025-03-05 02:44:31,token_itself,yUSD: the feed's base asset is this token (coingecko coin 'yieldfi-ytoken' arbitrum-one platform address),coingecko:yieldfi-ytoken | tokenlists:coingecko_arbitrum_one,,not checked,
0x82e3a8f066a6989666b031d916c43672085b1582,YFI,yearn.finance,18,2403,2294.0,YFI / USD,yfi-usd,0x745ab5b69e01e2be1104ca84937bb71f96f5fb21,USD,medium,RefPrice,False,,2021-08-24 07:13:03,token_itself,YFI: the feed's base asset is this token (coingecko coin 'yearn-finance' arbitrum-one platform address; bridged from coingecko coin 'yearn-finance' ethereum address 0x0bc529c00c6401aef6d220be8c6ea1667f6ad93e per arb_bridge_42161+arb_whitelist_era+arbed_coingecko+arbed_uniswap+uniswap_default),coingecko:yearn-finance | tokenlists:arb_bridge_42161+arb_whitelist_era+arbed_coingecko+arbed_uniswap+coingecko_arbitrum_one+uniswap_default(L1 0x0bc529c00c6401aef6d220be8c6ea1667f6ad93e),coingecko:yearn-finance,not checked,
0x4dafffddea93ddf1e0e7b61e844331455053ce5c,NVDA,NVIDIA Corporation - Dinari,18,1778,2772.0,NVDA / USD,nvda-usd,0x4881a4418b5f2460b21d6f08cd5aa0678a7f262f,USD,low,,False,,2024-04-01 17:00:30,underlying_only,NVDA: the feed prices only the underlying asset (NVDA / USD),coingecko:nvidia-dinari-tokenized-stock | tokenlists:coingecko_arbitrum_one,,not checked,
0xf4f447e6afa04c9d11ef0e2fc0d7f19c24ee55de,vyUSD,YieldFi vyUSD,18,1173,3548.0,vyUSD / USD Exchange Rate,vyusd-usd-exchange-rate,0x640f0b3e8ee59bd7310c3e16b93f4c6612cc1130,USD,custom,ExRate,False,,2025-07-31 20:29:10,token_itself,vyUSD: the feed's base asset is this token (coingecko coin 'yieldfi-vyusd' arbitrum-one platform address),coingecko:yieldfi-vyusd | tokenlists:coingecko_arbitrum_one,,not checked,
0x2492d0006411af6c8bbb1c8afc1b0197350a79e9,USR,Resolv USD,18,1055,3742.0,USR-USD Exchange Rate,usr-usd-exchange-rate,0x229a9322d050bb6ac91c40ffbb8e3bef79c48071,USD,custom,ExRate,False,,2025-09-17 13:04:10,token_itself,USR: the feed's base asset is this token (coingecko coin 'resolv-usr' arbitrum-one platform address),coingecko:resolv-usr | tokenlists:coingecko_arbitrum_one,,not checked,
0xcba56cd8216fcbbf3fa6df6137f3147cbca37d60,SNX,Synthetix Network Token,18,865,4170.0,SNX / USD,snx-usd,0x054296f0d036b95531b4e14afb578b80cfb41252,USD,medium,RefPrice,False,,2023-05-18 17:03:46,token_itself,SNX: the feed's base asset is this token (Arbitrum token list(s) arbed_coingecko+arbed_uniswap+uniswap_default: bridged from coingecko coin 'havven' ethereum address 0xc011a73ee8576fb46f5e1c5751ca3b9fe0af2a6f),tokenlists:arbed_coingecko+arbed_uniswap+uniswap_default(L1 0xc011a73ee8576fb46f5e1c5751ca3b9fe0af2a6f),coingecko:havven,not checked,
0x46b979440ac257151ee5a5bc9597b76386907fa1,COIN,"Coinbase Global, Inc. Class A Common Stock - Dinari",18,684,4632.0,COIN / USD,coin-usd,0x950dc95d4e537a14283059badc2734977c454498,USD,low,,False,,2024-04-01 17:00:32,underlying_only,COIN: the feed prices only the underlying asset (COIN / USD),coingecko:coinbase-global-dinari-tokenized-stock | tokenlists:coingecko_arbitrum_one,,not checked,
0x8e50d11a54cff859b202b7fe5225353be0646410,GOOGL,Alphabet Inc. Class A - Dinari,18,673,4663.0,GOOGL / USD,googl-usd,0x1d1a83331e9d255eb1aaf75026b60dfd00a252ba,USD,low,RefPrice,False,,2023-09-07 23:45:45,underlying_only,GOOGL: the feed prices only the underlying asset (GOOGL / USD),coingecko:alphabet-dinari-tokenized-stock | tokenlists:coingecko_arbitrum_one,,confirmed,"RPC (arb1, block 513451972): symbol GOOGL, name 'Alphabet Inc. Class A - Dinari', decimals 18, totalSupply 615.68. The token is a beacon proxy. Its beacon 0x15436013850211acf89b656f34b426fdae01dacb is exactly what getDShareBeacon() returns on Dinari's production DShareFactory 0xb4ca72ea4d072c779254269fd56093d3adf603b8 (factory address from Dinari's GitHub dinaricrypto/sbt-contracts releases/v0.4.0/dshare_factory.json, production 42161). factory.isTokenDShare(addr) = true. The factory emitted DShareAdded at block 180438352: symbol-hash = keccak('GOOGL.d'), same name, wrapped dShare 0xf82f6801fa5ab466c8820f08c9c7adf893ac8d6f (a separate contract, not this one). Among all 251 DShareAdded events there is no other Class A GOOGL dShare; Class C (0xa5a3a5e1...) is a different token. CoinGecko alphabet-dinari-tokenized-stock lists this address under arbitrum-one. balancePerShare = 1e18, so no split rebase has ever been applied; Transfer amounts are in balance units. Feed proxy: description 'GOOGL / USD', 8 decimals, docs equity-GOOGL, marketHours NYSE, first round 2023-09-07, which covers the whole study window. The feed prices the underlying share (as claimed), not the token's own market. It is stale on weekends and holidays. Llama/feed ratio 0.9987."
0x36d37b6cbca364cf1d843eff8c2f6824491bcf81,TSLA,"Tesla, Inc. - Dinari",18,526,5125.0,TSLA / USD,tsla-usd,0x3609baaa0a9b1f0fe4d6cc01884585d0e191c3e3,USD,low,RefPrice,False,,2023-09-07 21:14:50,underlying_only,TSLA: the feed prices only the underlying asset (TSLA / USD),coingecko:tesla-dinari-tokenized-stock | tokenlists:coingecko_arbitrum_one,,confirmed,"RPC: symbol TSLA, name 'Tesla, Inc. - Dinari', decimals 18, totalSupply 1612.08. It uses the same Dinari production dShare beacon 0x15436013... (= getDShareBeacon() of Dinari factory 0xb4ca72ea..., address from Dinari's GitHub release). isTokenDShare = true. DShareAdded at block 180438760: symbol-hash keccak('TSLA.d'), wrapped 0xd767ee961a00921d69721c0f9999546d5235e6f9. No duplicate TSLA dShare in the 251 factory events. CoinGecko tesla-dinari-tokenized-stock arbitrum-one = this address. balancePerShare = 1e18 (no split rebase). Feed: 'TSLA / USD', 8 decimals, equity-TSLA, NYSE hours, first round 2023-09-07 (covers the window). The feed prices the underlying share, not the token. Llama/feed ratio 1.0002."
0x8240affe697cde618ad05c3c8963f5bfe152650b,AMZN,"Amazon.com, Inc. - Dinari",18,476,5299.0,AMZN / USD,amzn-usd,0xd6a77691f071e98df7217bed98f38ae6d2313eba,USD,low,RefPrice,False,,2023-09-07 21:58:09,underlying_only,AMZN: the feed prices only the underlying asset (AMZN / USD),coingecko:amazon-dinari-tokenized-stock | tokenlists:coingecko_arbitrum_one,,confirmed,"RPC: symbol AMZN, name 'Amazon.com, Inc. - Dinari', decimals 18, totalSupply 279.79. Dinari production dShare beacon 0x15436013... (= factory 0xb4ca72ea... getDShareBeacon()). isTokenDShare = true. DShareAdded at block 180438000: keccak('AMZN.d'), wrapped 0xee0d00a79afeb121880f5bf2273debbf7f60ea02. No duplicate AMZN dShare. CoinGecko amazon-dinari-tokenized-stock arbitrum-one = this address. Llama reports the symbol as 'AMZN.d' (the old on-chain symbol); it is the same contract. balancePerShare = 1e18. Feed: 'AMZN / USD', 8 decimals, equity-AMZN, NYSE hours, first round 2023-09-07. The feed prices the underlying share. Llama/feed ratio 1.0009."
0x9b86f3c7d145979ec6b2f42ed7f92d06cfc6c9d3,XAUt,Tether Gold,6,436,5480.0,XAU / USD,xau-usd,0x1f954dc24a49708c26e0c1777f16750b5c6d5a2c,USD,low,RefPrice,False,,2022-04-27 04:14:40,underlying_only,XAUt: the feed prices only the underlying asset (XAU / USD),tokenlists:arbed_coingecko+arbed_uniswap+uniswap_default(L1 0x68749665ff8d2d112fa859aa293f07a622782f38),,confirmed,"RPC: symbol XAUt, name 'Tether Gold', decimals 6, totalSupply 0.09712 XAUt (about $400, so tiny). l1Address() = 0x68749665ff8d2d112fa859aa293f07a622782f38 (XAUt on Ethereum). l2Gateway() = 0x09e9222e96e7b4ae2a407b98d48e330053351eee (Arbitrum standard ERC20 gateway). On-chain, the Arbitrum L2GatewayRouter 0x5288c571fd7ad117bea99bf60fe0846c4e84f933 calculateL2TokenAddress(L1 XAUt) returns this exact address. It is a standard Arbitrum bridged-token beacon proxy (beacon 0xe72ba9418b5f2ce0a6a40501fe77c6839aa37333). The Uniswap Labs Default list (2026-10-08) maps L1 XAUT bridgeInfo 42161 to this address. So it is confirmed as the canonical-bridge copy of L1 XAUt. Caveat: it is not Tether's own Arbitrum product. CoinGecko 'tether-gold' has no arbitrum-one platform, and Tether's Arbitrum token is XAUt0 at 0x40461291347e1ecbb09499f3371d3f17f10d7159 (CoinGecko tether-gold-tokens; on-chain symbol XAUt0, 6 decimals, supply 129.91), a different contract. Feed: 'XAU / USD', commodity spot, marketHours Precious_Metals, first round 2022-04-27 (covers the window). It prices gold, not XAUt, consistent with the underlying_proxy claim."
0x77308f8b63a99b24b262d930e0218ed2f49f8475,MSFT,Microsoft Corporation - Dinari,18,433,5490.0,MSFT / USD,msft-usd,0xdde33fb9f21739602806580bdd73bad831dca867,USD,low,RefPrice,False,,2023-09-07 23:46:52,underlying_only,MSFT: the feed prices only the underlying asset (MSFT / USD),coingecko:microsoft-dinari-tokenized-stock | tokenlists:coingecko_arbitrum_one,,confirmed,"RPC: symbol MSFT, name 'Microsoft Corporation - Dinari', decimals 18, totalSupply 148.25. Dinari production dShare beacon 0x15436013... (= factory 0xb4ca72ea... getDShareBeacon()). isTokenDShare = true. DShareAdded at block 180438485: keccak('MSFT.d'), wrapped 0xbda5a1e73410730325cea424f3dbd8a2ecc69514. No duplicate MSFT dShare. CoinGecko microsoft-dinari-tokenized-stock arbitrum-one = this address. balancePerShare = 1e18. Feed: 'MSFT / USD', 8 decimals, equity-MSFT, NYSE hours, first round 2023-09-07. The feed prices the underlying share. Llama/feed ratio 1.0011."
0x519062155b0591627c8a0c0958110a8c5639dca6,META,"Meta Platforms, Inc. - Dinari",18,399,5673.0,META / USD,meta-usd,0xcd1bd86fdc33080dcf1b5715b6fce04ec6f85845,USD,low,RefPrice,False,,2023-08-30 19:09:40,underlying_only,META: the feed prices only the underlying asset (META / USD),coingecko:meta-platforms-dinari-tokenized-stock | tokenlists:coingecko_arbitrum_one,,confirmed,"RPC: symbol META, name 'Meta Platforms, Inc. - Dinari', decimals 18, totalSupply 132.14. Dinari production dShare beacon 0x15436013... (= factory 0xb4ca72ea... getDShareBeacon()). isTokenDShare = true. DShareAdded at block 180438458: keccak('META.d'), wrapped 0xbac491f9cdd0c1a05c18492232827ca009b64945. Note: the factory also has 'METAPLANET INC ADR' (0x9f4d3324...), which is a different company and not a duplicate. CoinGecko meta-platforms-dinari-tokenized-stock arbitrum-one = this address. balancePerShare = 1e18. Feed: 'META / USD', 8 decimals, equity-META, NYSE hours, first round 2023-08-30. The feed prices the underlying share. Llama/feed ratio 0.9974."
0x9b4db2271eb1fa0aee1aba7ed55e51c38ce514a3,SPCX,Space Exploration Technologies Corp.,18,274,6425.0,SPCX-USD HyperLiquid Top-of-Book,spcx-usd-hyperliquid-tob-of-book,0x6043bb1909ec6db2ba41451d559d05e3c04d913d,USD,new,RefPrice,False,,2026-07-22 21:15:54,underlying_only,SPCX: the feed prices only the underlying asset (SPCX-USD HyperLiquid Top-of-Book),coingecko:space-exploration-technologies-dinari-tokenized-stock | tokenlists:coingecko_arbitrum_one,,disputed,"Identity (probably Dinari SPCX, partly verified). RPC: symbol SPCX, name 'Space Exploration Technologies Corp.' (no '- Dinari' suffix, unlike the other dShares), decimals 18, totalSupply 1554.86. The contract is a different, newer 237-byte BeaconProxy whose immutable beacon is 0x15436013..., Dinari's production dShare beacon. It was deployed 2026-06-05 22:47 UTC (block 470459179, tx 0xc9d52a88c60d28b119360ded2723f5baac18b9ca5c188f701caac1fefb9babb2, from 0xc96fbe54... via 0xf60f689e...). It was re-initialized one minute later by 0x06b09f6008780771980bfe7d4bb821f5f1aa60a3, which is the owner of Dinari's dShare beacon. However, it is NOT registered in Dinari's production factory: isTokenDShare = false, and it is absent from all 251 DShareAdded events. The staging factory also returns false. CoinGecko space-exploration-technologies-dinari-tokenized-stock lists this address on arbitrum-one (and the same address on ethereum). The price claim is refuted on two counts. (1) Chainlink docs say Top-of-Book streams come from one exchange's perpetual-futures order book with no cross-venue validation, and the mid is computed by the DON. Feed metadata: productSubType calculatedPrice, attributeType other, feedCategory 'new', heartbeat 3600. So it prices a Hyperliquid market, not the Nasdaq share or this token. (2) Coverage gap. The token's first Transfer is 2026-06-12 15:47 UTC; Nasdaq listing was 2026-06-12 per one press source, which conflicts with another (unverified). The feed's first round is 2026-07-22 21:15:54. Of 1528 Transfers to date: 651 fall in 06-12..06-30 (all of its T_obs-window activity) and 275 in 07-01..07-22, all before the feed existed. Only 528 fall between feed start and 2026-10-01. There are 0 Approval events. Llama/feed ratio 0.9998 today only."
0xf4bd09b048248876e39fcf2e0cdf1aee1240a9d2,SPY,SPDR S&P 500 ETF Trust - Dinari,18,166,7512.0,SPY / USD,spy-usd,0x46306f3795342117721d8ded50fbcf6df2b3cc10,USD,low,RefPrice,False,,2023-09-07 23:10:11,underlying_only,SPY: the feed prices only the underlying asset (SPY / USD),coingecko:state-street-spdr-s-p-500-etf-trust-dinari-tokenized-etf | tokenlists:coingecko_arbitrum_one,,confirmed,"RPC: symbol SPY, name 'SPDR S&P 500 ETF Trust - Dinari', decimals 18, totalSupply 321.32. Dinari production dShare beacon 0x15436013... (= factory 0xb4ca72ea... getDShareBeacon()). isTokenDShare = true. DShareAdded at block 180438705: keccak('SPY.d'), wrapped 0xadf3cd8759bd8ba9106342d1494b4fb4b3720923. No duplicate SPY dShare. CoinGecko state-street-spdr-s-p-500-etf-trust-dinari-tokenized-etf arbitrum-one = this address. Llama symbol 'SPY.d' is the old on-chain symbol of the same contract. balancePerShare = 1e18. Feed: 'SPY / USD', 8 decimals, assetName 'SPY S&P 500 ETF', NYSE hours, first round 2023-09-07. The feed prices the underlying ETF share. Llama/feed ratio 1.0045 (the largest of the Dinari set)."
0x863708032b5c328e11abcbc0df9d79c71fc52a48,EUROC,Euro Coin,6,72,10398.0,EURC / USD,eurc-usd,0xcf9752295d0ac9215461fa095fafec1b854b849b,USD,low,RefPrice,False,,2025-05-02 04:37:19,token_itself,EUROC: the feed's base asset is this token (Arbitrum token list(s) arbed_coingecko+arbed_uniswap+uniswap_default: bridged from coingecko coin 'euro-coin' ethereum address 0x1abaea1f7c830bd89acc67ec4af516284b1bc33c),tokenlists:arbed_coingecko+arbed_uniswap+uniswap_default(L1 0x1abaea1f7c830bd89acc67ec4af516284b1bc33c),coingecko:euro-coin,confirmed,"RPC: symbol EUROC (pre-rename symbol), name 'Euro Coin', decimals 6, totalSupply 8713.76. l1Address() = 0x1abaea1f7c830bd89acc67ec4af516284b1bc33c, which is Circle's Ethereum EURC per Circle's EURC contract-address docs (downloaded). L2GatewayRouter.calculateL2TokenAddress(L1 EURC) returns this address, and l2Gateway is the standard gateway 0x09e9222e... Circle's mainnet table lists no Arbitrum deployment (only Arc, Avalanche, Base, Cronos, Ethereum, Plasma, Solana, Stellar, World Chain), and CoinGecko euro-coin has no arbitrum-one platform. So this canonical-bridge copy is the only canonical EURC on Arbitrum; no native/bridged split exists. Feed: 'EURC / USD', attributeType dex_state_price, Stablecoin. Its first round is 2025-05-02 04:37, so coverage is a gap: in the study window, 158 of 189 Transfers and 80 of 87 Approvals came before it. The fiat EUR/USD feed 0xa14d53bc... has existed since 2021-08 if an underlying proxy is wanted."
0xb1fe27b32ffb5ce54e272c096547f1e86c19e72f,rswETH,rswETH,18,72,10431.0,rswETH / ETH Exchange Rate,rsweth-eth-exchange-rate,0x683989a7a6424122678164ad26736ba484055b35,ETH,custom,ExRate,False,,2024-07-11 15:36:44,token_itself,rswETH: the feed's base asset is this token (coingecko coin 'restaked-swell-eth' arbitrum-one platform address),coingecko:restaked-swell-eth | tokenlists:coingecko_arbitrum_one,,confirmed,"RPC: symbol rswETH, name rswETH, decimals 18, totalSupply 0.813771 (tiny). It is a LayerZero OFT: oftVersion interface 0x02e49c2c v1, endpoint 0x1a44076050125825900e736c501f859c50fe728c, not a proxy. Its owner 0xab66b26f3de8f654a151005583053a21adb124eb is a Safe (4 of 7). OFT peer for eid 30335 is 0x18d33689ae5d02649a859a1cf16c9f0563975258, exactly the rswETH address in Swell's official docs (SwellNetwork/swell-chain-docs contract-addresses.mdx). That eid-to-Swellchain mapping was not re-verified, but the address match links this token to Swell's OFT mesh. The Ethereum peer (eid 30101) is 0x1486d39646cdee84619bd05997319545a8575079; it was not checked on Ethereum and is unverified. CoinGecko restaked-swell-eth arbitrum-one = this address. The Arbiscan token page labels it 'Restaked Swell ETH (rsweth)' with 44 holders. Refutation attempt: Swell's docs.swellnetwork.io deployed-addresses page lists no Arbitrum address at all, so the issuer confirms it only indirectly through the OFT peer. Feed: 'rswETH / ETH Exchange Rate', ExRate/Pegged Asset, 18 decimals, value 1.0823. It covers the window: first round 2024-07-11, before this token's first in-window Transfer (2024-09-17). Llama/feed ratio 0.9993-1.0004."
0x5033833c9fe8b9d3e09eed2f73d2aaf7e3872fd1,SHIB,SHIBA INU,18,48,12576.0,SHIB / USD,shib-usd,0x0e278d14b4bf6429ddb0a1b353e2ae8a4e128c93,USD,low,RefPrice,False,,2024-09-26 17:05:28,token_itself,SHIB: the feed's base asset is this token (Arbitrum token list(s) arbed_coingecko+arbed_uniswap+uniswap_default: bridged from coingecko coin 'shiba-inu' ethereum address 0x95ad61b0a150d79219dcf64e1e6cc01f0b64c4ce),tokenlists:arbed_coingecko+arbed_uniswap+uniswap_default(L1 0x95ad61b0a150d79219dcf64e1e6cc01f0b64c4ce),coingecko:shiba-inu,confirmed,"RPC: symbol SHIB, name 'SHIBA INU', decimals 18, totalSupply 269,845,763.94 SHIB (about $1.5k). l1Address() = 0x95ad61b0a150d79219dcf64e1e6cc01f0b64c4ce (L1 SHIB). L2GatewayRouter.calculateL2TokenAddress(L1 SHIB) returns this address. Standard gateway 0x09e9222e..., standard bridged-token beacon. CoinGecko shiba-inu has no arbitrum-one platform (no rival native SHIB on Arbitrum). Both the Uniswap default list and the arbed lists map it from L1 SHIB. Feed: 'SHIB / USD', 18 decimals, cex_price. Its first round is 2024-09-26 17:05 (SHIB/ETH also starts 2024-09-26), so coverage is a gap: in the study window, 165 of 217 Transfers and 79 of 89 Approvals came before it."
0xb74da9fe2f96b9e0a5f4a3cf0b92dd2bec617124,SOL,Wrapped SOL (Wormhole),9,41,13656.0,SOL / USD,sol-usd,0x24cea4b8ce57cda5058b924b9b9987992450590c,USD,low,RefPrice,False,,2022-02-15 16:23:32,third_party_bridge,SOL: gateway copy of Ethereum Wormhole SOL,tokenlists:arbed_coingecko+arbed_uniswap+uniswap_default(L1 0xd31a59c85ae9d8edefec411d448f90841571b89c),,disputed,"The identity as described is verified. RPC: symbol SOL, name 'Wrapped SOL (Wormhole)', decimals 9, totalSupply 35.21 SOL. l1Address() = 0xd31a59c85ae9d8edefec411d448f90841571b89c (Wormhole-wrapped SOL on Ethereum). L2GatewayRouter.calculateL2TokenAddress(that) returns this address via standard gateway 0x09e9222e... So it is the Arbitrum canonical-bridge copy of Ethereum's Wormhole SOL: native SOL, then Wormhole to Ethereum, then the Arbitrum bridge. But it is NOT the canonical SOL on Arbitrum. CoinGecko sol-wormhole lists arbitrum-one = 0x2bcc6d6cdbbdc0a4071e48bb3b969b06b3330c07, Wormhole's direct Arbitrum deployment (on-chain 'Wrapped SOL'/SOL, 9 decimals, supply 64,128.43, about 1800x larger). The named feed (SOL / USD, Crypto, cex_price, first round 2022-02-15) prices native SOL, not this variant. Redeeming it needs the Arbitrum exit plus a Wormhole redemption, so a price match holds only through two bridges and is not verified from market data (no llama price recorded for this address in the map)."
0x1b983e8dc28774b2600c6eb831baa4c14fefea53,WXRP,Wrapped XRP,18,38,14302.0,XRP / USD,xrp-usd,0xb4ad57b52ab9141de9926a3e0c8dc6264c2ef205,USD,low,RefPrice,False,,2022-08-25 01:45:54,other_chain_asset,WXRP: gateway copy of Wrapped.com's custodial Ethereum WXRP; XRP is native to the XRP Ledger,tokenlists:arbed_coingecko(L1 0x39fbbabf11738317a448031930706cd3e612e1b9),,disputed,"IDENTITY CONFIRMED, FEED FIT DISPUTED. RPC (arb1, 2026-10-10): totalSupply 2.1318 WXRP. l1Address()=0x39fbbabf11738317a448031930706cd3e612e1b9. l2Gateway()=0x09e9222e96e7b4ae2a407b98d48e330053351eee (standard L2ERC20Gateway). L2GatewayRouter 0x5288c571fd7ad117bea99bf60fe0846c4e84f933: getGateway(L1) is the standard gateway and calculateL2TokenAddress(L1) returns exactly this address. That is a CREATE2 address, so no impostor can sit there. The contract is a beacon proxy (beacon 0xe72ba9418b5f2ce0a6a40501fe77c6839aa37333). Independent sources: (1) Arbitrum arbed_coingecko list (2026-10-10) has bridgeInfo l1=0x39fb...; this list is generated from the same gateway mapping, so it is not fully independent. (2) CoinGecko id 'wrapped-xrp' (Wrapped.com / Tokensoft custodial wrapper) lists ethereum 0x39fb... and no Arbitrum platform. It is a separate asset from 'ripple': vol24h about $35k. (3) Arbiscan has no token profile for this address: 'Market Price $0.00', 17 holders. Adversarial points: (a) This is a two-hop variant: XRP, then the Wrapped.com custodial ERC-20, then the Arbitrum canonical bridge. It is NOT Hex Trust wXRP (CoinGecko 'hex-trust-wrapped-xrp', L1 0xb73ee5488647a6302ebf5fee8af3152f6960ae4c, 6 decimals). Hex Trust's gateway copy 0xcbd260a547c89bc0d56242fb5bd083a9365c17bc has no code. (b) Llama daily coingecko:wrapped-xrp vs coingecko:ripple, using only points within 1h of each other (446 days, 2023-10..2026-09): median ratio 1.000, p95 |dev| 5.6%, max 21.5% (2024-12-17: wrapper 2.01 vs XRP 2.56; 2024-11-01: 0.604 vs 0.513). So the wrapper's market price is thin or stale at times. (c) Wrapped.com custody backing: unverified. Llama current price for ethereum:0x39fb is 1.4056 (= wrapped-xrp) vs XRP 1.4041. Llama has no arbitrum price for this address. Raw files: _work/usd/adv_verify_set12c/rpc_probe.json, wrapper_vs_base_daily.csv, downloads/adv_verify_set12c/."
0x4d1d7134b87490ae5eebdb22a5820d7d0e1980bf,WLFI,World Liberty Financial,18,38,14321.0,WLFI / USD,wlfi-usd,0x4b13dd76de990db9a2dab58d35c2c02e5e3ae848,USD,new,RefPrice,False,,2025-09-03 19:23:45,token_itself,WLFI: the feed's base asset is this token (Arbitrum token list(s) arbed_coingecko+arbed_uniswap+uniswap_default: bridged from coingecko coin 'world-liberty-financial' ethereum address 0xda5e1988097297dcdc1f90d4dfe7909e847cbef6),tokenlists:arbed_coingecko+arbed_uniswap+uniswap_default(L1 0xda5e1988097297dcdc1f90d4dfe7909e847cbef6),,disputed,"IDENTITY CONFIRMED as the Arbitrum canonical-bridge copy of L1 WLFI. The 'exact' label is DISPUTED. RPC: totalSupply 193.38 WLFI. l1Address()=0xda5e1988097297dcdc1f90d4dfe7909e847cbef6, the standard gateway 0x09e9...1eee. The router's calculateL2TokenAddress(0xda5e...) returns this address; beacon proxy. L1 identity: Llama ethereum:0xda5e prices WLFI at 0.0570, equal to coingecko:world-liberty-financial, and CoinGecko lists ethereum 0xda5e... Adversarial: (1) CoinGecko world-liberty-financial platforms are only bsc, ethereum and solana, with NO arbitrum-one. (2) The Chainlink CCIP token directory (smartcontractkit/documentation tokens.json) lists WLFI on mainnet, bsc and solana only, none on Arbitrum. (3) Arbiscan has no token profile: 'Market Price $0.00', 5 holders. (4) Llama has no arbitrum price for this address. So the issuer does not recognise this as WLFI's Arbitrum contract. It is a permissionless canonical-gateway copy, the same mechanism as ENA, ATH, PYUSD and the others that are labelled bridged_variant. It appears in arbed_coingecko, arbed_uniswap and the Uniswap default list (bridgeInfo 1->42161), but those entries are derived from the gateway mapping, not from the issuer. No competing native WLFI on Arbitrum was found. Suggest the label bridged_variant (sole representation). Note: the Chainlink feed's first round is 2025-09-03 per chainlink_arbitrum_feeds.csv (not re-verified)."
0x8f5c1a99b1df736ad685006cb6adca7b7ae4b514,MLN,Melon Token,18,23,18193.0,MLN / USD,mln-usd,0xd07de6e37a011ccafd375d7eb130205e0fa24d69,USD,deprecating,RefPrice,False,"September 30th, 2026",2024-08-07 18:43:41,token_itself,MLN: the feed's base asset is this token (coingecko coin 'melon' arbitrum-one platform address; bridged from coingecko coin 'melon' ethereum address 0xec67005c4e498ec7f55e092bd1d35cbc47c91892 per arbed_coingecko+arbed_uniswap+uniswap_default),coingecko:melon | tokenlists:arbed_coingecko+arbed_uniswap+coingecko_arbitrum_one+uniswap_default(L1 0xec67005c4e498ec7f55e092bd1d35cbc47c91892),,confirmed,"RPC: totalSupply 2.4219 MLN. l1Address()=0xec67005c4e498ec7f55e092bd1d35cbc47c91892, the standard gateway 0x09e9...1eee. The router's calculateL2TokenAddress(0xec67...) returns this address; beacon proxy. So it is a canonical-bridge copy. Unlike WLFI, USD1 and AXS, it is recognised as THE Arbitrum MLN by independent sources: (1) CoinGecko 'melon' (Enzyme) lists the arbitrum-one platform as 0x8f5c... (dec 18) and ethereum 0xec67...; (2) Arbiscan has a token profile 'Enzyme (mln)', Market Price $1.38, 7 holders; (3) Llama prices arbitrum:0x8f5c directly at 1.3791, identical to ethereum:0xec67 and coingecko:melon. No other MLN contract on Arbitrum was found. Feed: description 'MLN / USD', 8 decimals. latestRoundData answer 1.3821 updatedAt 2026-10-10 07:07 UTC, so it was still updating after the stated 2026-09-30 shutdown. Caveats: the feed is formally deprecating with shutdown at the label-window end, and per chainlink_arbitrum_feeds.csv its first round is 2024-08-07 (not re-verified). The token is tiny on Arbitrum (2.42 MLN supply)."
0x7550de0a4b9fb8caba8c32e72ee356afdd217a33,USD1,World Liberty Financial USD,18,18,20313.0,USD1 / USD,usd1-usd,0xcac0138592090762385ccb7bb94c9401f734eb30,USD,low,RefPrice,False,,2025-05-15 14:56:34,token_itself,USD1: the feed's base asset is this token (Arbitrum token list(s) arbed_coingecko+arbed_uniswap+uniswap_default: bridged from coingecko coin 'usd1-wlfi' ethereum address 0x8d0d000ee44948fc98c9b98a4fa4921476f08b0d),tokenlists:arbed_coingecko+arbed_uniswap+uniswap_default(L1 0x8d0d000ee44948fc98c9b98a4fa4921476f08b0d),coingecko:usd1-wlfi,disputed,"IDENTITY CONFIRMED as the canonical-bridge copy of L1 USD1. The 'exact' label is DISPUTED. RPC: totalSupply 0.0025098 USD1 (2509842781550056 wei). l1Address()=0x8d0d000ee44948fc98c9b98a4fa4921476f08b0d, the standard gateway 0x09e9...1eee. The router's calculateL2TokenAddress(0x8d0d...) returns this address; beacon proxy. L1 identity: Llama ethereum:0x8d0d gives USD1 0.99911, equal to coingecko:usd1-wlfi. Adversarial: (1) CoinGecko usd1-wlfi platforms are aptos, bsc, ethereum, mantle, monad, morph-l2, plume, solana and tron, with NO arbitrum-one. (2) USD1's cross-chain standard is Chainlink CCIP, and the CCIP token directory lists USD1 on 14 chains (ab, aptos, bsc, canton, creditcoin, mantle, xlayer, mainnet, monad, morph, neox, plume, solana, tempo), none of them Arbitrum. (3) Arbiscan has no token profile: Market Price $0.00, 4 holders. (4) Llama has no arbitrum price. So this is a permissionless canonical-gateway copy that the issuer does not recognise, with essentially zero supply. It is economically a bridged variant (redeemable 1:1 to L1 USD1 via the 7-day canonical exit), not an issuer deployment. No native USD1 on Arbitrum was found. Suggest the label bridged_variant. Feed first round 2025-05-15 per chainlink_arbitrum_feeds.csv (not re-verified)."
0x7468a5d8e02245b00e8c0217fce021c70bc51305,FRAX,Frax,18,11,26392.0,FRAX / USD,frax-usd,0x0809e3d38d1b4214958faf06d8b1b1a2b73f2ab8,USD,medium,RefPrice,False,,2021-10-27 00:27:28,canonical_bridge,FRAX: Arbitrum canonical-gateway copy of Ethereum FRAX,tokenlists:arbed_coingecko+arbed_uniswap+uniswap_default(L1 0x853d955acef822db058eb8505911ed77f175b99e),coingecko:frax,confirmed,"Claim (bridged_variant, canonical-bridge copy of L1 legacy FRAX) holds. This is NOT the Frax-canonical Arbitrum FRAX. RPC: totalSupply 3,470.04. l1Address()=0x853d955acef822db058eb8505911ed77f175b99e (legacy FRAX), the standard gateway 0x09e9...1eee. The router's calculateL2TokenAddress(0x853d...) returns this address; beacon proxy. Independent sources: (1) FraxFinance frax-solidity constants.ts for arbitrum gives 'FRAX: 0x17fc002b466eec40dae837fc4be5c67993ddbd6f' and 'arbiFRAX: 0x7468a5d8...' (bridged variant). (2) CoinGecko 'frax' ('Legacy Frax Dollar') lists arbitrum-one 0x17fc..., not this address. (3) Aave address book AaveV3Arbitrum FRAX_UNDERLYING is 0x17fc... and FRAX_ORACLE is 0x8aa156740411030cf9a6381baa51fa4f1af2c47c. On-chain that oracle is 'Capped FRAX/USD' with ASSET_TO_USD_AGGREGATOR 0xb49b8beb7b57e92416a122a495244d7cf2fe0bd4, the SVR proxy of the same FRAX/USD feed. So the Chainlink feed is consumed for the native 0x17fc. (4) Arbiscan: generic page, $0.00, 90 holders; 0x17fc has the 'Frax (FRAX)' profile, 17,661 holders. Feed-variant check: the feed base is FRAX.OLD, i.e. legacy FRAX, which matches this token's L1 (0x853d, Llama 0.99174 = coingecko:frax). It is not frxUSD or the renamed FXS (CoinGecko 'frax-share' now ticker FRAX, arbitrum 0x9d2f299715d94d8a7e6f5eaa8e654e8c74a988a7). That symbol collision is a hazard for symbol-based matching. Parity path: native 0x17fc.allBridgeTokens() includes 0x7468, but canSwap(0x7468)=false and bridge_tokens(0x7468)=false, so conversion to native FRAX is currently disabled. Parity rests on the canonical L1 exit. Legacy FRAX on Llama 2023-09-30..2026-09-29: median 0.9967, min 0.9793 (2026-03-29), 28 days below 0.99."
0x795818dae0d32e2cf0b1c56ac73b9f5d80d2176c,NEAR,NEAR,24,8,30599.0,NEAR / USD,near-usd,0xbf5c3fb2633e924598a46b9d07a174a9dbcf57c0,USD,low,RefPrice,False,,2022-08-25 01:45:30,other_chain_asset,NEAR: Rainbow-bridged NEAR,tokenlists:arbed_coingecko(L1 0x85f17cf997934a597031b2e18a9ab6ebd4b9f6a4),,confirmed,"Claim (bridged_variant; canonical-bridge copy of Rainbow-bridged NEAR on Ethereum) holds. RPC: decimals 24, totalSupply 69.579 NEAR. l1Address()=0x85f17cf997934a597031b2e18a9ab6ebd4b9f6a4, the standard gateway 0x09e9...1eee. The router's calculateL2TokenAddress(0x85f1...) returns this address; beacon proxy. Independent sources: (1) CoinGecko 'rainbow-bridged-near-ethereum' (category Bridged-Tokens) lists ethereum 0x85f1... (24 decimals). It is a separate id from 'near' and has no arbitrum platform. (2) arbed_coingecko bridgeInfo l1=0x85f1... (derived from the gateway). (3) Arbiscan: no profile, $0.00, 16 holders. It is NOT in arbed_uniswap or the Uniswap default list. This is a two-hop variant: native NEAR, then the Rainbow Bridge ERC-20 on Ethereum, then the Arbitrum canonical bridge. The feed prices native NEAR. Price parity: Llama prices ethereum:0x85f1 as coingecko:near (5.2150). The separate coingecko:rainbow-bridged-near-ethereum is 5.1789. Llama has rainbow data only from 2026-01-20. On 72 time-aligned days the ratio to NEAR has median 0.998 and max |dev| 1.6%. Parity before 2026 is unverified. No issuer-native NEAR on Arbitrum was found."
0xdf8f0c63d9335a0abd89f9f752d293a98ea977d8,ENA,ENA,18,8,32716.0,ENA / USD,ena-usd,0x9ee96caa9972c801058caa8e23419fc6516fbf7e,USD,low,RefPrice,False,,2024-11-08 02:01:58,canonical_bridge,ENA: Arbitrum canonical-gateway copy of Ethereum ENA,tokenlists:arbed_coingecko+arbed_uniswap+uniswap_default(L1 0x57e114b691db790c35207b2e685d4a43181e6061),coingecko:ethena,confirmed,"Claim (bridged_variant; canonical-bridge copy) holds. This is NOT Ethena's Arbitrum ENA. RPC: totalSupply 9,827.86 ENA. l1Address()=0x57e114b691db790c35207b2e685d4a43181e6061 (Ethereum ENA; Llama 0.2195 = coingecko:ethena), the standard gateway 0x09e9...1eee. The router's calculateL2TokenAddress(0x57e1...) returns this address; beacon proxy. Independent sources: (1) Ethena docs key-addresses page (docs.ethena.fi/solution-design/key-addresses) gives ENA on 'Most L2s' as 0x58538e6a46e07434d7e7375bc268d3cb839c0133. 0xdf8f... does not appear on that page. (2) CoinGecko 'ethena' arbitrum-one is 0x58538e... (3) On-chain, 0x58538e... is the LayerZero OFT (endpoint() 0x1a44076050125825900e736c501f859c50fe728c, token()=self, totalSupply 161,494). Arbiscan profile 'ENA (ENA)', 1,651 holders. (4) Arbiscan for 0xdf8f...: no profile, $0.00, 8 holders. The feed prices ENA (the asset), and this copy is redeemable 1:1 to L1 ENA via the canonical exit. Feed first round 2024-11-08 per chainlink_arbitrum_feeds.csv (not re-verified)."
0xc7def82ba77baf30bbbc9b6162dc075b49092fb4,ATH,Aethir Token,18,5,40558.0,ATH / USD,ath-usd,0x920e09a98f83b82701207ba7e433a5b53ecb888a,USD,low,RefPrice,False,,2025-08-08 07:53:04,canonical_bridge,ATH: Arbitrum canonical-gateway copy of Ethereum ATH (Aethir),tokenlists:arbed_coingecko+arbed_uniswap+uniswap_default(L1 0xbe0ed4138121ecfc5c0e56b40517da27e6c5226b),coingecko:aethir,confirmed,"Claim (bridged_variant; canonical-bridge copy) holds. This is NOT Aethir's Arbitrum ATH. RPC: totalSupply 301,227.77 ATH. l1Address()=0xbe0ed4138121ecfc5c0e56b40517da27e6c5226b (Ethereum ATH; Llama 0.006561 = coingecko:aethir), the standard gateway 0x09e9...1eee. The router's calculateL2TokenAddress(0xbe0e...) returns this address; beacon proxy. Independent sources: (1) CoinGecko 'aethir' lists arbitrum-one 0xc87b37a581ec3257b734886d9d3a581f5a9d056c and ethereum 0xbe0e..., and its Arbitrum DEX tickers (uniswap_v3_arbitrum) all trade 0xc87b... (2) Arbiscan: 0xc87b... is 'Aethir Token (ATH)', supply 3,251,454,615, 136,984 holders. 0xc7de... has no profile, $0.00, 41 holders. (3) The Aethir docs URL (docs.aethir.com/aethir-tokenomics/ath-token-contract-addresses) returned 404, so the issuer doc is unverified. The ATH/USD feed prices the ATH asset, whose Arbitrum liquidity is in the native 0xc87b...; this copy is redeemable 1:1 to L1 ATH via the canonical exit. Feed first round 2025-08-08 per chainlink_arbitrum_feeds.csv (not re-verified)."
0xe390c0b46bd723995be02640e6f1e1c802f620ac,MORPHO,Morpho Token,18,5,42547.0,MORPHO / USD,morpho-usd,0x1e48733eeee02468b674b69958b046eb6a0a7d94,USD,medium,RefPrice,False,,2026-07-02 14:15:20,canonical_bridge,MORPHO: Arbitrum canonical-gateway copy of Ethereum MORPHO,tokenlists:arbed_coingecko+arbed_uniswap+uniswap_default(L1 0x58d97b57bb95320f9a05dc918aef65434969c2b2),coingecko:morpho,confirmed,"Claim (bridged_variant; canonical-bridge copy) holds. This is NOT Morpho's Arbitrum MORPHO. RPC: totalSupply 0, and Arbiscan shows 0 holders. l1Address()=0x58d97b57bb95320f9a05dc918aef65434969c2b2 (current MORPHO; Llama 2.3853 = coingecko:morpho), not legacy MORPHO 0x9994e35db50125e0df82e4c2dde62496ce330999, whose gateway copy 0xf981a77590288c19d5f2a836b82407d1254ce7bf has no code. Standard gateway 0x09e9...1eee; the router's calculateL2TokenAddress(0x58d9...) returns this address; beacon proxy. Independent sources: (1) Morpho docs addresses page (docs.morpho.org/get-started/resources/addresses) lists MORPHO on Arbitrum as 0x40bd670a58238e6e230c430bbb5ce6ec0d40df48, with an arbiscan link. 0xe390... does not appear on that page. (2) CoinGecko 'morpho' arbitrum-one is 0x40bd... (3) Arbiscan: 0x40bd... is 'Morpho Token (MORPHO)', 3,307 holders, $2.39. 0xe390... has no profile. The feed prices the MORPHO asset. Coverage caveat: per chainlink_arbitrum_feeds.csv, MORPHO/USD on Arbitrum has a single phase whose first round is 2026-07-02 (not re-verified), after the 2026-06-30 observation-window end."
0xe88998fb579266628af6a03e3821d5983e5d0089,AXS,Axie Infinity Shard,18,5,40848.0,AXS / USD,axs-usd,0x5b58aa6e0651ae311864876a55411f481ad86080,USD,medium,RefPrice,False,,2022-04-19 15:19:10,token_itself,AXS: the feed's base asset is this token (Arbitrum token list(s) arbed_coingecko+arbed_uniswap+uniswap_default: bridged from coingecko coin 'axie-infinity' ethereum address 0xbb0e17ef65f82ab018d8edd776e8dd940327b28b),tokenlists:arbed_coingecko+arbed_uniswap+uniswap_default(L1 0xbb0e17ef65f82ab018d8edd776e8dd940327b28b),coingecko:axie-infinity,disputed,"IDENTITY CONFIRMED as the canonical-bridge copy of L1 AXS. The 'exact' label is DISPUTED. RPC: totalSupply 0, and Arbiscan shows 0 holders. l1Address()=0xbb0e17ef65f82ab018d8edd776e8dd940327b28b, the standard gateway 0x09e9...1eee. The router's calculateL2TokenAddress(0xbb0e...) returns this address; beacon proxy. L1 identity: Llama ethereum:0xbb0e gives AXS 1.2411, equal to coingecko:axie-infinity. Adversarial: (1) CoinGecko axie-infinity platforms are bsc, energi, ethereum, harmony and ronin, with NO arbitrum-one. (2) The Chainlink CCIP directory lists AXS on mainnet and ronin only. (3) Arbiscan: no profile, $0.00. (4) Llama has no arbitrum price. It is listed in arbed_coingecko, arbed_uniswap and the Uniswap default list, but only via gateway-derived bridgeInfo. So this is a permissionless canonical-gateway copy, not an issuer or CoinGecko-recognised AXS deployment, and it is empty today. No competing native AXS on Arbitrum was found. Economically it is a bridged variant (1:1 redeemable to L1 AXS). Suggest the label bridged_variant. Feed first round 2022-04-19 per chainlink_arbitrum_feeds.csv (not re-verified)."
0x327006c8712fe0abdbbd55b7999db39b0967342e,PYUSD,PayPal USD,6,4,51669.0,PYUSD / USD,pyusd-usd,0x3d50d699a812a0f66f36876df47b2ae68e781736,USD,low,RefPrice,False,,2026-01-15 15:45:44,canonical_bridge,PYUSD: Arbitrum canonical-gateway copy of Paxos's Ethereum PYUSD,tokenlists:arbed_coingecko+arbed_uniswap+uniswap_default(L1 0x6c3ea9036406852006290770bedfcaba0e23a0e8),coingecko:paypal-usd,confirmed,"Claim (bridged_variant; canonical-bridge copy) holds. This is NOT the Paxos-issued Arbitrum PYUSD. RPC: totalSupply 2,518.245 PYUSD. l1Address()=0x6c3ea9036406852006290770bedfcaba0e23a0e8 (Ethereum PYUSD; Llama 0.99960 = coingecko:paypal-usd), the standard gateway 0x09e9...1eee. The router's calculateL2TokenAddress(0x6c3e...) returns this address; beacon proxy. Independent sources: (1) CoinGecko 'paypal-usd' lists arbitrum-one 0x46850ad61c2b7d64d08c9c754f45254596696984, and its Arbitrum tickers (uniswap v3/v4 vs USDC 0xaf88...) trade 0x4685... (2) Arbiscan: 0x4685... is 'PayPal USD (PYUSD)', supply 392,186,406, 1,971 holders, $0.9996. On-chain it has owner 0x3af3e85f4f97de7ad0f000b724fb77fe5ffc024b and paused()=false. 0x3270... has no profile, $0.00, 7 holders. (3) The paxosglobal/pyusd-contract README has no Arbitrum mention. The feed is DEX-state based; which pools it uses (presumably native PYUSD) is unverified. This copy is redeemable 1:1 to L1 PYUSD via the canonical exit. Whether Paxos freezing L1 assets could affect the gateway escrow is unverified. Feed first round 2026-01-15 per chainlink_arbitrum_feeds.csv (not re-verified), so it covers only the last about 5.5 months of the observation window."
0x78811c7fa05ef4a9567d1210b91ed5a5ca765bde,wTAO,Wrapped TAO,9,4,49482.0,TAO / USD,tao-usd,0x6accbb82af71b8a576b4c05d4af92a83a035b991,USD,low,RefPrice,False,,2024-02-09 21:08:56,other_chain_asset,"wTAO: wrapped TAO, native to Bittensor",tokenlists:arbed_coingecko(L1 0x77e06c9eccf2e797fd462a92b6d7642ef85b0a44),,confirmed,"Claim (bridged_variant; bridged from L1 wTAO 0x77e0...) holds. RPC: decimals 9, totalSupply 3.0304 wTAO. l1Address()=0x77e06c9eccf2e797fd462a92b6d7642ef85b0a44, the standard gateway 0x09e9...1eee. The router's calculateL2TokenAddress(0x77e0...) returns this address; beacon proxy. Independent sources: (1) CoinGecko 'wrapped-tao' (categories Crypto-Backed / Wrapped-Tokens) lists ethereum 0x77e0... (9 decimals) and bittensor-evm, with no arbitrum platform. It is a separate id from 'bittensor'. (2) arbed_coingecko bridgeInfo l1=0x77e0... (gateway-derived). It is not in arbed_uniswap or the Uniswap default list. (3) Arbiscan: no profile, $0.00, 6 holders. This is a two-hop custodial variant: TAO, then the wTAO ERC-20 on Ethereum (issuer and custody backing unverified), then the Arbitrum canonical bridge. The feed prices native TAO. Llama time-aligned daily (473 days, 2023-10..2026-09) coingecko:wrapped-tao vs bittensor: median ratio 1.0005, p95 |dev| 2.0%, max 9.3% (2024-02-07). Current prices 282.26 vs 281.11. The Chainlink CCIP directory lists TAO and WTAO tokens only on bittensor, base and robinhood, nothing on Arbitrum. Feed first round 2024-02-09 per chainlink_arbitrum_feeds.csv (not re-verified)."
0x7e2a1edee171c5b19e6c54d73752396c0a572594,tBTC,tBTC v2,18,4,51028.0,TBTC / USD,tbtc-usd,0xe808488e8627f6531ba79a13a9e0271b39abeb1c,USD,medium,RefPrice,False,,2024-03-09 03:08:49,canonical_bridge,tBTC: Arbitrum canonical-gateway copy of Threshold's Ethereum tBTC,tokenlists:arbed_coingecko+arbed_uniswap+uniswap_default(L1 0x18084fba666a33d37592fa2633fd49a74dd93a88),coingecko:tbtc,disputed,"The address is confirmed as the Arbitrum canonical-bridge copy of L1 tBTC, but it is not the canonical Arbitrum tBTC. On-chain (RPC): it is a StandardArbERC20 beacon proxy (beacon 0xe72ba941..., impl 0x3f770ac6...). l1Address()=0x18084fba666a33d37592fa2633fd49a74dd93a88 (L1 tBTC; llama symbol tBTC) and l2Gateway()=0x09e9222e96e7b4ae2a407b98d48e330053351eee (standard gateway). L2GatewayRouter 0x5288c571 calculateL2TokenAddress(L1) maps back to this address, and the L1 counterpart gateway is 0xa3a7b6f8. totalSupply()=38 wei (3.8e-17 tBTC), with 4 holders on Arbiscan. The mapping appears in arbed_coingecko, arbed_uniswap_labs and Uniswap default. Refuting evidence: Threshold's own Arbitrum tBTC is 0x6c84a8f1c29108f47a79964b5fe888d4f4d0de40 ('Arbitrum tBTC v2', supply 84.9). Five sources list it: the threshold-network/tbtc-v2 GitHub deployment ArbitrumTBTC.json, CoinGecko tbtc arbitrum-one, Aave V3 address book tBTC_UNDERLYING, GMX tokens.ts and the PancakeSwap Arbitrum list. It has 851,714 rows in all_tokens_tobs against 4 here. The TBTC/USD feed (dex_state_price, assetName tBTC; 82439.79 at 2026-10-09) prices tBTC as traded, not this dust copy. Llama has no price for the copy. The feed applies only through 1:1 redeemability via the canonical bridge."
0x9c1a1c7ba9c2602123fd7ef3eb41a769edf6c53a,MNT,Mantle,18,4,51646.0,MNT / USD,mnt-usd,0x37ddee84de03d039e1bf809b7a01edd2c4665771,USD,low,RefPrice,False,,2024-02-15 23:55:53,token_itself,MNT: the feed's base asset is this token (Arbitrum token list(s) arbed_coingecko+arbed_uniswap+uniswap_default: bridged from coingecko coin 'mantle' ethereum address 0x3c3a81e81dc49a522a592e7622a7e711c06bf354),tokenlists:arbed_coingecko+arbed_uniswap+uniswap_default(L1 0x3c3a81e81dc49a522a592e7622a7e711c06bf354),coingecko:mantle,confirmed,"RPC: this is a StandardArbERC20 beacon proxy. l1Address()=0x3c3a81e81dc49a522a592e7622a7e711c06bf354 (L1 MNT; CoinGecko mantle ethereum platform; llama symbol MNT). l2Gateway()=standard gateway 0x09e9222e, and the L2GatewayRouter round-trip returns this address. totalSupply 201.7486 MNT, 4 holders (Arbiscan, no reputation flag). Three lists map L1 MNT to this address: arbed_coingecko, arbed_uniswap_labs and Uniswap default (L1 MNT bridgeInfo 42161). No competing issuer-native Arbitrum MNT was found: CoinGecko mantle lists only the ethereum and mantle platforms. The feed is MNT/USD (baseAsset MNT, assetName Mantle, cex_price): 0.54987 at 2026-10-10, against llama L1 MNT at 0.5611 (about 2% gap). Reliability note: the Chainlink docs JSON gives this feed a deviation threshold of 10, against 0.5 for the others here. Study rows n=4."
0xaafcfd42c9954c6689ef1901e03db742520829c5,CVX,Convex Token,18,4,51741.0,CVX / USD,cvx-usd,0x851175a919f36c8e30197c09a9a49da932c2cc00,USD,low,RefPrice,False,,2022-03-15 02:12:37,token_itself,CVX: the feed's base asset is this token (Arbitrum token list(s) arbed_coingecko+arbed_uniswap+uniswap_default: bridged from coingecko coin 'convex-finance' ethereum address 0x4e3fbd56cd56c3e72c1403e103b45db9da5b9d2b),tokenlists:arbed_coingecko+arbed_uniswap+uniswap_default(L1 0x4e3fbd56cd56c3e72c1403e103b45db9da5b9d2b),coingecko:convex-finance,confirmed,"RPC: this is a StandardArbERC20 beacon proxy. l1Address()=0x4e3fbd56cd56c3e72c1403e103b45db9da5b9d2b (L1 CVX; CoinGecko convex-finance ethereum). l2Gateway()=standard gateway 0x09e9222e, and the router round-trip returns this address. totalSupply 1047.77 CVX, 9 holders. Sources: arbed_coingecko, arbed_uniswap_labs and Uniswap default. The FraxFinance frax-solidity constants.ts lists this address as the Arbitrum CVX reward token. CoinGecko lists no arbitrum-one CVX. An adversarial check found a second Arbitrum 'CVX', 0xb952a807345991bd529fdded05009f5e80fe8f45 (3396 CVX, 204 holders, llama 2.083, 2 study rows). Its verified Arbiscan source is AnyswapV6ERC20, a Multichain bridge token, so it is not the issuer's. The feed is CVX/USD (baseAsset CVX, cex_price): 2.0882 at 2026-10-10, against llama L1 at 2.0847. Study rows n=4."
0xcdc343ebf71e38f003ed6c80171f5b8d7cf58860,Cake,PancakeSwap Token,18,4,51468.0,CAKE / USD,cake-usd,0x256654437f1ada8057684b18d742efd14034c400,USD,low,RefPrice,False,,2023-05-18 17:02:16,other_chain_asset,Cake: gateway copy of Ethereum CAKE; CAKE is native to BNB Chain,tokenlists:arbed_coingecko+arbed_uniswap+uniswap_default(L1 0x152649ea73beab28c5b49b26eb48f7ead6d4c898),coingecko:pancakeswap-token,disputed,"The address is confirmed as the canonical-bridge copy of Ethereum CAKE, but it is not PancakeSwap's Arbitrum CAKE. RPC: StandardArbERC20 beacon proxy. l1Address()=0x152649ea73beab28c5b49b26eb48f7ead6d4c898 (Ethereum CAKE; CoinGecko pancakeswap-token ethereum; llama CAKE) and l2Gateway()=standard gateway 0x09e9222e; the router round-trip returns this address. totalSupply 101.36, 3 holders, no llama price. The mapping appears in arbed_coingecko, arbed_uniswap_labs and Uniswap default. Refuting evidence: PancakeSwap's own Arbitrum CAKE is 0x1b896893dfc86bb67cf57767298b9073d2c1ba2c (supply 147,200), listed by CoinGecko pancakeswap-token arbitrum-one and the PancakeSwap Arbitrum default token list. It has 1,256,352 study rows against 4 here. CAKE/USD (cex_price, 2.2222) prices the PancakeSwap asset; it reaches this 2-hop bridged copy only through redeemability."
0x8ea3156f834a0dfc78f1a5304fac2cda676f354c,CRO,CRO,8,3,55339.0,CRO / USD,cro-usd,0xea320e4d688b143a3bfbf1b4a5cc4b986fca086c,USD,medium,RefPrice,False,,2025-03-13 23:12:47,token_itself,CRO: the feed's base asset is this token (Arbitrum token list(s) arbed_coingecko+arbed_uniswap+uniswap_default: bridged from coingecko coin 'crypto-com-chain' ethereum address 0xa0b73e1ff0b80914ab6fe0444e65848c4c34450b),tokenlists:arbed_coingecko+arbed_uniswap+uniswap_default(L1 0xa0b73e1ff0b80914ab6fe0444e65848c4c34450b),coingecko:crypto-com-chain,confirmed,"RPC: StandardArbERC20 beacon proxy. l1Address()=0xa0b73e1ff0b80914ab6fe0444e65848c4c34450b (L1 CRO, 8 decimals; CoinGecko crypto-com-chain ethereum; llama cro), and l2Gateway()=standard gateway 0x09e9222e. The router round-trip returns this address. Decimals are 8, matching L1. totalSupply 15,248.38 CRO, 7 holders. The mapping appears in arbed_coingecko, arbed_uniswap_labs and Uniswap default ('Cronos', bridgeInfo 42161). CoinGecko lists only ethereum, and no competing Arbitrum CRO was found. The feed is CRO/USD (assetName Cronos, cex_price): 0.0611 at 2026-10-10, equal to llama L1 at 0.0611. Downstream must use 8 decimals. Study rows n=3."
0x044d8e7f3a17751d521efea8ccf9282268fe08cc,POL,Polygon Ecosystem Token,18,2,89211.0,POL / USD,pol-usd,0x82ba56a2fadf9c14f17d08bc51bda0bdb83a8934,USD,low,RefPrice,False,,2024-08-29 03:24:51,token_itself,POL: the feed's base asset is this token (Arbitrum token list(s) arbed_coingecko+arbed_uniswap+uniswap_default: bridged from coingecko coin 'polygon-ecosystem-token' ethereum address 0x455e53cbb86018ac2b8092fdcd39d8444affc3f6),tokenlists:arbed_coingecko+arbed_uniswap+uniswap_default(L1 0x455e53cbb86018ac2b8092fdcd39d8444affc3f6),coingecko:polygon-ecosystem-token,confirmed,"RPC: StandardArbERC20 beacon proxy. l1Address()=0x455e53cbb86018ac2b8092fdcd39d8444affc3f6 (L1 POL; CoinGecko polygon-ecosystem-token ethereum; llama POL), and l2Gateway()=standard gateway 0x09e9222e. The router round-trip returns this address. totalSupply 1,662.59 POL. This is the POL copy, not legacy MATIC: the MATIC copy is the separate token 0x561877b6b3dd7651313794e5f2894b2f18be0766 (l1Address 0x7d1afa7b..., 'Matic Token', 156,320 study rows). The mapping appears in arbed_coingecko, arbed_uniswap_labs and Uniswap default. CoinGecko lists only the ethereum and polygon-pos platforms. The feed is POL/USD (baseAsset POL, cex_price): 0.10036, against llama L1 at 0.1004. Adversarial signal: Arbiscan labels this token 'Token Rep: Suspicious' (10 holders, no reason shown). It does not contradict the on-chain proof, because the address is derived by the gateway from L1 POL. Study rows n=2."
0x73efdc761596328461b68e5fc58c3284cb15ba13,PLUME,Plume,18,2,87684.0,PLUME / USD,plume-usd,0x004f214586cafe0f1321ad13a93bca77c385b196,USD,low,RefPrice,False,,2025-04-15 22:19:28,token_itself,PLUME: the feed's base asset is this token (Arbitrum token list(s) arbed_coingecko+arbed_uniswap+uniswap_default: bridged from coingecko coin 'plume' ethereum address 0x4c1746a800d224393fe2470c70a35717ed4ea5f1),tokenlists:arbed_coingecko+arbed_uniswap+uniswap_default(L1 0x4c1746a800d224393fe2470c70a35717ed4ea5f1),coingecko:plume,confirmed,"RPC: StandardArbERC20 beacon proxy. l1Address()=0x4c1746a800d224393fe2470c70a35717ed4ea5f1 (L1 PLUME; CoinGecko plume ethereum; llama PLUME), and l2Gateway()=standard gateway 0x09e9222e. The router round-trip returns this address. totalSupply 9,978.713 PLUME, 2 holders. The mapping appears in arbed_coingecko, arbed_uniswap_labs and Uniswap default. CoinGecko plume lists only the ethereum and BSC platforms, and no competing Arbitrum PLUME was found. The feed is PLUME/USD (assetName Plume, cex_price): 0.018578 at 2026-10-10, against llama L1 at 0.018608. Study rows n=2."
0x004b506865409877c9fa29bfb1eba929984b9bbc,USDG,Global Dollar,6,1,115256.0,USDG / USD,usdg-usd,0xe9bd4ca2cdacb56cd06c9c4c5231e69c33340b3c,USD,medium,RefPrice,False,,2025-08-22 18:22:39,token_itself,USDG: the feed's base asset is this token (coingecko coin 'global-dollar' arbitrum-one platform address),coingecko:global-dollar | tokenlists:coingecko_arbitrum_one | address appears in gmx-io/gmx-interface config,coingecko:global-dollar,confirmed,"RPC: symbol USDG, name Global Dollar, 6 decimals, totalSupply 29,543,853.63. It is an EIP-1967 proxy: impl 0x031610e2d186d78d3defbf907f56d1eac843d9de, whose name() is 'Global Dollar' and whose Arbiscan-verified source is Paxos PaxosTokenClaimableRewards V3. owner 0x6c9e821a, paused()=false. It is not a gateway token (l1Address reverts). Issuer docs: Paxos 'USDG on Main Networks' (docs.paxos.com/guides/stablecoin/usdg/mainnet) lists Arbitrum Mainnet token 0x004B5068..., plus Supply Control 0x359a1ee0... and OFT 0xc3274ec3.... CoinGecko global-dollar lists arbitrum-one at this address with 6 decimals. The GMX interface tokens.ts has 'Global Dollar'/USDG at this address, and markets.ts uses it as long/short token of [USDG-USDG] markets. Arbiscan's official profile names Paxos and globaldollar.com. The feed is USDG/USD (assetName Global Dollar, Stablecoin, cex_price): 0.99995, against llama 0.99985. It prices Paxos USDG, not GMX v1's internal USDG. Note: the V3 implementation adds payout-group/multiplier reward accounting. Source comments say ERC-20 balances are stored separately from reward shares, so it does not look rebasing; this is unverified beyond the comments. Upgradeable and pausable by Paxos. Study rows n=1."
0x588970c5643c5d38c4c82a9913ccfe7c971ef424,yUSD,YieldFi yUSD,18,1,131365.0,yUSD / USD Exchange Rate,yusd-usd-exchange-rate,0x875c69da7ae092e4dc277171e9c373718ddb25e2,USD,custom,ExRate,False,,2025-03-05 02:44:31,canonical_bridge,yUSD: Arbitrum canonical-gateway copy of an Ethereum token (Arbitrum token list(s) arbed_coingecko: bridged from coingecko coin 'yieldfi-ytoken' ethereum address 0x19ebd191f7a24ece672ba13a302212b5ef7f35cb),tokenlists:arbed_coingecko(L1 0x19ebd191f7a24ece672ba13a302212b5ef7f35cb),,disputed,"Identity as the canonical-bridge copy of L1 YieldFi yUSD is confirmed, but the copy is not YieldFi's Arbitrum yUSD, and the feed has a price-reliability problem. RPC: StandardArbERC20 beacon proxy. l1Address()=0x19ebd191f7a24ece672ba13a302212b5ef7f35cb (CoinGecko yieldfi-ytoken ethereum), and the router round-trip returns this address. totalSupply 9,097.90, 1 holder; it appears only in arbed_coingecko. Refuting evidence: YieldFi's own Arbitrum yUSD is 0x4772d2e014f9fc3a820c444e3313968e9a5c8121 (CoinGecko arbitrum-one; Arbiscan official profile; supply 10,166.9, 113 holders; 2,447 study rows against 1 here). The feed's docs entry names no issuer. Its values tie it to YieldFi yUSD: the first round on 2025-03-05 was 1.060665, against llama L1 yUSD at 1.057 (03-03) and 1.061 (03-10); the latest, 0.998454, matches llama L1 exactly. Reliability: the rate fell from 1.1346 (2025-11-14) to 0.9829 (2025-11-21), a drop of about 13% that looks like a write-down. It has been flat at 0.998454 since about Feb 2026: the phase-2 first round (2026-03-19) equals the latest round."
0x77d60629bbba621e0a55bbc1b7a21cef80ee36c5,frxETH,Frax Ether,18,1,114746.0,frxETH-ETH Exchange Rate Low,frxeth-eth-low,0x1bd872f3a606471787b1a304ce0356e4e87af930,ETH,custom,ExRate,False,,2023-08-26 04:09:38,canonical_bridge,frxETH: Arbitrum canonical-gateway copy of an Ethereum token (Arbitrum token list(s) arbed_coingecko: bridged from coingecko coin 'frax-ether' ethereum address 0x5e8422345238f34275888049021821e8e08caa1f),tokenlists:arbed_coingecko(L1 0x5e8422345238f34275888049021821e8e08caa1f),,disputed,"Identity as the canonical-bridge copy of L1 frxETH is confirmed, but it is not Frax's Arbitrum frxETH. RPC: StandardArbERC20 beacon proxy. l1Address()=0x5e8422345238f34275888049021821e8e08caa1f (L1 frxETH; CoinGecko frax-ether ethereum), and the router round-trip returns this address. totalSupply 0.2233 frxETH, 5 holders; it appears only in arbed_coingecko. Refuting evidence: Frax-issued Arbitrum frxETH exists as the Fraxferry token 0x178412e79c25968a32e89b11f63b33f733770c2a and the LayerZero OFT 0x43edd7f3831b08fe70b7555ddd373c8bf65a9050. The Fraxferry token is listed by CoinGecko frax-ether arbitrum-one and the Frax frax-solidity constants.ts (supply 5,302; 262,050 study rows). The OFT has supply 346.9 and 306 study rows. Against those, this copy has 1 study row. The feed prices frxETH (not sfrxETH) in ETH, not USD. It is one bound of a low/high pair: low 0.99816 (2026-10-09) and high 1.0, both assetName Frax Ether. A USD price needs ETH/USD on top."
0x11da74c50227ec79b786faa6090fa5c9ad65f156,aETHc,Ankr ETH2 Reward Bearing Certificate,18,0,,ankrETH / ETH Exchange Rate,ankreth-eth-exchange-rate,0x5fb73f7af8a29297953d3611422826039338e5b4,ETH,custom,ExRate,False,,2024-06-20 17:41:34,canonical_bridge,aETHc: Arbitrum canonical-gateway copy of an Ethereum token (Arbitrum token list(s) arbed_coingecko: bridged from coingecko coin 'ankreth' ethereum address 0xe95a203b1a91a908f9b9ce46459d101078c2c3cb),tokenlists:arbed_coingecko(L1 0xe95a203b1a91a908f9b9ce46459d101078c2c3cb),,disputed,"This is the canonical-bridge copy of L1 ankrETH, which was formerly named aETHc. It is not Ankr's Arbitrum ankrETH. RPC: StandardArbERC20 beacon proxy. l1Address()=0xe95a203b1a91a908f9b9ce46459d101078c2c3cb, which is ankrETH per CoinGecko ankreth ethereum and llama: the non-rebasing certificate, not the rebasing aETHb. The L2 copy kept the pre-rename metadata. The router round-trip returns this address. totalSupply 0.019925, 1 holder; it appears only in arbed_coingecko. The address is absent from all_tokens_tobs (n=0). Refuting evidence: Ankr's Arbitrum ankrETH is 0xe05a08226c49b636acf99c40da8dc6af83ce5bb3 ('Ankr Staked ETH'; CoinGecko ankreth arbitrum-one; supply 18.78; 33,652 study rows). The feed is the L1 ankrETH/ETH fundamental rate: 1.24151 ETH per token at 2026-10-09, starting at 1.16048 in 2024-06. It is ETH-quoted and applies to this copy only through 1:1 bridge redeemability."
0x3d19a8b57e8082c4bbd5e068016295cfdb255e6a,rsETH,rsETH,18,0,,RSETH / ETH,rseth-eth,0xb0ea543f9f8d4b818550365d13f66da747e1476a,ETH,high,RefPrice,False,,2024-03-18 16:09:25,canonical_bridge,rsETH: Arbitrum canonical-gateway copy of an Ethereum token (Arbitrum token list(s) arbed_coingecko: bridged from coingecko coin 'kelp-dao-restaked-eth' ethereum address 0xa1290d69c65a6fe4df752f95823fae25cb99e5a7),tokenlists:arbed_coingecko(L1 0xa1290d69c65a6fe4df752f95823fae25cb99e5a7),,disputed,"Identity as the canonical-bridge copy of L1 Kelp rsETH is confirmed, but the token is empty and is not Kelp's Arbitrum rsETH. RPC: StandardArbERC20 beacon proxy. l1Address()=0xa1290d69c65a6fe4df752f95823fae25cb99e5a7 (CoinGecko kelp-dao-restaked-eth ethereum; llama rsETH), and the router round-trip returns this address. totalSupply()=0 and Arbiscan shows 0 holders. It appears only in arbed_coingecko and is absent from all_tokens_tobs (n=0). Refuting evidence: Kelp's Arbitrum rsETH is 0x4186bfc76e2e237523cbc30fd220fe055156b41f ('KelpDao Restaked ETH', LayerZero OFT; supply 17,029.5; 1,070,438 study rows). Three sources list it: CoinGecko arbitrum-one, Aave V3 address book rsETH_UNDERLYING and the PancakeSwap Arbitrum list. RSETH/ETH (market, 1.07957) and rsETH/ETH Exchange Rate (1.08170) price Kelp rsETH, quoted in ETH."
0x47973ada5cd8ead11bfec6af139177d801dec0c2,rswETH,rswETH,18,0,,rswETH / ETH Exchange Rate,rsweth-eth-exchange-rate,0x683989a7a6424122678164ad26736ba484055b35,ETH,custom,ExRate,False,,2024-07-11 15:36:44,canonical_bridge,rswETH: Arbitrum canonical-gateway copy of an Ethereum token (Arbitrum token list(s) arbed_coingecko: bridged from coingecko coin 'restaked-swell-eth' ethereum address 0xfae103dc9cf190ed75350761e95403b7b8afa6c0),tokenlists:arbed_coingecko(L1 0xfae103dc9cf190ed75350761e95403b7b8afa6c0),,wrong,"RPC block 513452491: symbol rswETH, name rswETH, 18 decimals, totalSupply 0.001 rswETH. 760-byte ClonableBeaconProxy. l1Address()=0xfae103dc9cf190ed75350761e95403b7b8afa6c0 and l2Gateway()=0x09e9222e96e7b4ae2a407b98d48e330053351eee (StandardGateway). L2GatewayRouter 0x5288c571fd7ad117bea99bf60fe0846c4e84f933 calculateL2TokenAddress(L1)=this address, so it is a genuine canonical-bridge clone of L1 rswETH (Swell docs list 0xfae103dc... as rswETH). Refuted as THE Arbitrum rswETH: (1) CoinGecko's own Arbitrum token list (2026-10-08) maps RSWETH to 0xb1fe27b32ffb5ce54e272c096547f1e86c19e72f, not this address. (2) On-chain, 0xb1fe... is a LayerZero OFT (token()=self, endpoint 0x1a44076050125825900e736c501f859c50fe728c, sharedDecimals 6, supply 0.81). (3) coins.llama.fi prices 0xb1fe... as rswETH (2696.16) and returns nothing for this address. (4) This address has 0 rows in all_tokens_tobs.csv; 0xb1fe... has 72. Unverified: Swell docs do not name any Arbitrum address. The exchange-rate feed would apply economically to a 1:1 bridge claim, but this address is a dust clone (about $3 of supply), not the canonical token."
0x4cd5a94a30876320ac65f2e192493ee476f13866,GLV [USDG-USDG],GMX Liquidity Vault [USDG-USDG],18,0,,GLV [USDG-USDG] / USD,glv-usdg-usdg-usd,0x82029620d4b7b72e607c0c9738729be2b3bb8310,USD,new,RefPrice,False,,2026-09-25 17:06:20,token_itself,GLV [USDG-USDG]: the feed's base asset is this token (gmx-io/gmx-interface market/GLV config: GLV [USDG-USDG]),address appears in gmx-io/gmx-interface config,,confirmed,"RPC: symbol 'GLV [USDG-USDG]', name 'GMX Liquidity Vault [USDG-USDG]', 18 decimals, supply 6,675,814.78. No EIP-1967 proxy slots. dataStore()=0xfd70de6b91282d8017aa4e741e9ae325cab992d8, which is GMX DataStore per gmx-synthetics deployments. GlvReader 0x2c670a23f1e798184647288072e84054938b5497 getGlvInfo returns glvToken=this, long=short=0x004b506865409877c9fa29bfb1eba929984b9bbc (USDG 'Global Dollar', 6 dec, per GMX tokens.ts), markets=[0xe57b97f2... GM BTC/USD, 0x6f095f58... GM ETH/USD, 0xff63b0f9... GM SOL/USD], all [USDG-USDG]. gmx-interface src/config/markets.ts lists '// GLV [USDG-USDG]' glvTokenAddress 0x4cd5a94a.... It is the only GLV [USDG-USDG] in the config and the only matching Chainlink feed. Feed vs llama ratio 1.00002. Caveat: 0 rows in all_tokens_tobs.csv. The feed's first round is 2026-09-25 (per chainlink_token_map), and USDG itself has 1 row in the observation window, so this vault likely post-dates 2026-06-30. Deployment block could not be found because the public RPCs have no archive state."
0x6801ae6ed3f95a981eed5c413275e63b8ff1d5d6,osETH,Staked ETH,18,0,,osETH / ETH Exchange Rate,oseth-eth-exchange-rate,0xb4102d5e72c402d537c9f024f4bd9c3709fe200d,ETH,custom,ExRate,False,,2024-06-05 16:48:02,canonical_bridge,osETH: Arbitrum canonical-gateway copy of an Ethereum token (Arbitrum token list(s) arbed_coingecko: bridged from coingecko coin 'stakewise-v3-oseth' ethereum address 0xf1c9acdc66974dfb6decb12aa385b9cd01190e38),tokenlists:arbed_coingecko(L1 0xf1c9acdc66974dfb6decb12aa385b9cd01190e38),,wrong,"RPC: osETH / 'Staked ETH' / 18 decimals, totalSupply 0.01098. 760-byte ClonableBeaconProxy. l1Address()=0xf1c9acdc66974dfb6decb12aa385b9cd01190e38 (StakeWise docs Mainnet 'OsToken'). l2Gateway is the StandardGateway, and L2GatewayRouter.calculateL2TokenAddress(L1)=this address, so it is a canonical-bridge clone. Refuted as the Arbitrum osETH: (1) CoinGecko Arbitrum list maps OSETH to 0xf7d4e7273e5015c96728a6b02f31c505ee184603 (osETH 'Staked ETH', supply 16.02, Ownable owner 0xb24d11d6..., no OFT interface). (2) coins.llama.fi prices 0xf7d4... (2683.96) and not this address. (3) 0 rows in all_tokens_tobs.csv versus 6,215 for 0xf7d4.... Unverified: StakeWise docs (contracts/networks/Mainnet) list no Arbitrum address. I could not confirm whether 0xf7d4... is a CCIP token; getCCIPAdmin and getMinters returned nothing."
0x6c2b260b7e4c4853a1227d9320c50e0b09917fa8,ezETH,Renzo Restaked ETH,18,0,,ezETH / ETH,ezeth-eth,0x11e1836bff2ce9d6a5bec9ca79dc998210f3886d,ETH,high,RefPrice,False,,2024-03-16 03:35:27,canonical_bridge,ezETH: Arbitrum canonical-gateway copy of an Ethereum token (Arbitrum token list(s) arbed_coingecko: bridged from coingecko coin 'renzo-restaked-eth' ethereum address 0xbf5495efe5db9ce00f80364c8b423567e58d2110),tokenlists:arbed_coingecko(L1 0xbf5495efe5db9ce00f80364c8b423567e58d2110),,wrong,"RPC: ezETH / 'Renzo Restaked ETH' / 18 decimals, totalSupply 0.7395. 760-byte ClonableBeaconProxy. l1Address()=0xbf5495efe5db9ce00f80364c8b423567e58d2110 and l2Gateway is the StandardGateway; the router confirms it is a canonical-bridge clone. Refuted: (1) Renzo docs (contracts/layer-2s/arbitrum.md) give 'L2 $ezETH (xERC20): 0x2416092f143378750bb29b79eD961ab195CcEea5'. (2) The Aave address book AaveV3Arbitrum.sol has ezETH_UNDERLYING = 0x2416092f.... (3) The CoinGecko Arbitrum list maps EZETH to 0x2416.... (4) On-chain, 0x2416 is an EIP-1967 proxy with supply 1645.6. (5) llama prices 0x2416 at 2678.82 and returns nothing for this address. (6) 0 rows in all_tokens_tobs.csv versus 2,414,420 for 0x2416. The bridged clone is a separate, essentially unused token, not what the ezETH/ETH market feed prices."
0x6f095f58e9eb2c583a1828202712c03962491d7e,GM,GMX Market,18,0,,GM:ETH/USD [USDG-USDG] / USD Exchange Rate,gm-eth-usd-usdg-usdg-usd-exchange-rate,0x0f37d480cae857ed8679503777c6cc83fd3677a4,USD,custom,ExRate,False,,2026-09-24 20:12:04,token_itself,GM: the feed's base asset is this token (gmx-io/gmx-interface market/GLV config: GM ETH/USD [USDG-USDG]),address appears in gmx-io/gmx-interface config,,confirmed,"RPC: symbol GM, name 'GMX Market', 18 decimals, supply 1,624,473.11. No proxy slots. dataStore()=GMX DataStore 0xfd70de6b.... GMX Reader 0x470fbc46bcc0f16532691df360a07d8bf5ee0789 getMarket(DataStore, this) returns marketToken=this, index=WETH 0x82af49447d8a07e3bd95bd0d56f35241523fbab1, long=short=USDG 0x004b5068.... gmx-interface sdk/src/configs/markets.ts has '// ETH/USD [USDG-USDG]' at this address. It is also a constituent of GLV [USDG-USDG] per GlvReader. It is the only Chainlink feed with this name. Feed vs llama differ by 0.003%. Minor: Chainlink directory metadata labels the baseAsset 'GLV' (attributeType glv), which is why chainlink_token_map shows base=GLV, but the on-chain description matches this GM market. Caveat: 0 rows in all_tokens_tobs.csv. The feed starts 2026-09-24, so the market likely post-dates the observation window (unverified: no archive RPC)."
0x7e85235a01b7df92d84d6d3371e419460ad5ec77,RLP,Resolv Liquidity Provider Token,18,0,,RLP-USD Exchange Rate,rlp-usd-exchange-rate,0x3861d83ed006a6570ce8eb9878f4df0df889a2da,USD,custom,ExRate,False,,2025-09-17 10:00:58,canonical_bridge,RLP: Arbitrum canonical-gateway copy of an Ethereum token (Arbitrum token list(s) arbed_coingecko: bridged from coingecko coin 'resolv-rlp' ethereum address 0x4956b52ae2ff65d74ca2d61207523288e4528f96),tokenlists:arbed_coingecko(L1 0x4956b52ae2ff65d74ca2d61207523288e4528f96),,wrong,"RPC: RLP / 'Resolv Liquidity Provider Token' / 18 decimals, totalSupply 10.0. 760-byte ClonableBeaconProxy. l1Address()=0x4956b52ae2ff65d74ca2d61207523288e4528f96 and l2Gateway is the StandardGateway; the router confirms it is a canonical-bridge clone. Refuted by issuer docs: Resolv docs (litepaper/for-developers/smart-contracts.md) list 'RLP token, Ethereum 0x4956b52a...' and 'RLP token, Arbitrum 0x35E5dB674D8e93a03d814FA0ADa70731efe8a4b9'. On-chain, 0x35e5... is a LayerZero OFT (token()=self, EndpointV2, EIP-1967 proxy, supply 80,668.7). The CoinGecko Arbitrum list also maps RLP to 0x35e5.... 0 rows in all_tokens_tobs.csv versus 3,267 for 0x35e5...."
0xa4431f62db9955bfd056c30e5ae703bf0d0eaec8,RDNT,Radiant,18,0,,RDNT / USD,rdnt-usd,0x20d0fcab0ecfd078b036b6caf1fac69a6453b352,USD,medium,RefPrice,False,,2023-03-30 15:23:08,other_chain_asset,RDNT: gateway copy of the Ethereum OFT of Arbitrum-native RDNT,tokenlists:arbed_coingecko(L1 0x137ddb47ee24eaa998a535ab00378d6bfa84f893),coingecko:radiant-capital,wrong,"RPC: RDNT / 'Radiant' / 18 decimals, totalSupply 396.21. 760-byte ClonableBeaconProxy. l1Address()=0x137ddb47ee24eaa998a535ab00378d6bfa84f893 (Ethereum RDNT, llama-priced as RDNT) and l2Gateway is the StandardGateway; the router confirms it is a canonical-bridge clone. Refuted: (1) Radiant docs arbitrum-contracts.md give rdntToken 0x3082CC23568eA640225c2467653dB90e9250AaA0, and the RDNT OFT Bridge page calls RDNT a LayerZero OFT that is burned and minted natively across chains. (2) On-chain, 0x3082 has token()=self, sharedDecimals 8 and supply 1,033,448,029.7. (3) The CoinGecko Arbitrum list maps RDNT to 0x3082. (4) 0 rows in all_tokens_tobs.csv versus 1,942,206 for 0x3082. The clone is a canonical-bridge wrapper of the Ethereum RDNT, not the native Arbitrum token."
0xcdf9bc1f8362555984ee497a1ed3654f21662e7e,uniETH,Universal ETH,18,0,,uniETH / ETH Exchange Rate,unieth-eth-exchange-rate,0xf18be32db91591a7256d738c166fa195a17457da,ETH,custom,ExRate,False,,2024-05-09 14:24:41,canonical_bridge,uniETH: Arbitrum canonical-gateway copy of an Ethereum token (Arbitrum token list(s) arbed_coingecko: bridged from coingecko coin 'universal-eth' ethereum address 0xf1376bcef0f78459c0ed0ba5ddce976f1ddf51f4),tokenlists:arbed_coingecko(L1 0xf1376bcef0f78459c0ed0ba5ddce976f1ddf51f4),,wrong,"RPC: uniETH / 'Universal ETH' / 18 decimals, totalSupply 0.0185. 760-byte ClonableBeaconProxy. l1Address()=0xf1376bcef0f78459c0ed0ba5ddce976f1ddf51f4 (Bedrock docs: Ethereum uniETH) and l2Gateway is the StandardGateway; the router confirms it is a canonical-bridge clone. Refuted by issuer docs: Bedrock docs security/smart-contracts/unieth.md, under 'Supply of uniETH on different chains', give 'Arbitrum One: arbiscan.io/token/0x3d15fd46ce9e551498328b1c83071d9509e2c3a0'. The Bedrock Arbitrum-grant page also links Ramses swap to 0x3d15.... The CoinGecko Arbitrum list maps UNIETH to 0x3d15... (supply 100.09). llama prices 0x3d15 and not this address. 0 rows in all_tokens_tobs.csv versus 68,167 for 0x3d15...."
0xd99f14023f6bde3142d339b6c069b2b711da7e37,ZRO,LayerZero,18,0,,ZRO / USD,zro-usd,0x1940fed49cdbc397941f2d336eb4994d599e568b,USD,medium,RefPrice,False,,2024-06-26 18:35:14,canonical_bridge,ZRO: Arbitrum canonical-gateway copy of Ethereum ZRO,tokenlists:arbed_coingecko+arbed_uniswap(L1 0x6985884c4392d348587b19cb9eaaf157f13271cd),coingecko:layerzero,wrong,"RPC: ZRO / 'LayerZero' / 18 decimals, totalSupply 312.76. 760-byte ClonableBeaconProxy. l1Address()=0x6985884c4392d348587b19cb9eaaf157f13271cd (Ethereum ZRO) and l2Gateway is the StandardGateway; the router confirms it is a canonical-bridge clone. Refuted: on Arbitrum, 0x6985884c... itself is the ZRO OFT (token()=self, LZ EndpointV2 0x1a44076050125825900e736c501f859c50fe728c, sharedDecimals 6, supply 26,682,079.3). The CoinGecko Arbitrum list maps ZRO to 0x6985.... llama prices 0x6985 and not this address. 0 rows in all_tokens_tobs.csv versus 6,318,171 for 0x6985. Being listed in arbed_coingecko and arbed_uniswap only proves the bridge mapping, not canonicity. Issuer docs were not fetched; the LayerZero llms.txt index had no ZRO address page, so issuer confirmation is unverified."
0xe57b97f2f83f39e74ec83f3e039fd370884784ff,GM,GMX Market,18,0,,GM:BTC/USD [USDG-USDG] / USD Exchange Rate,gm-btc-usd-usdg-usdg-usd-exchange-rate,0xeba2d3551084f6b31b02da452f298348e8d266b7,USD,new,RefPrice,False,,2026-09-24 20:11:53,token_itself,GM: the feed's base asset is this token (gmx-io/gmx-interface market/GLV config: GM BTC/USD [USDG-USDG]),address appears in gmx-io/gmx-interface config,,confirmed,"RPC: GM / 'GMX Market' / 18 decimals, supply 3,885,948.21. dataStore()=GMX DataStore. GMX Reader getMarket returns index=0x47904963fc8b2340414262125af798b9655e58cd (GMX synthetic BTC, 8 dec per tokens.ts; no code on chain, as expected), long=short=USDG 0x004b5068.... gmx-interface markets.ts has '// BTC/USD [USDG-USDG]' at this address. It is a constituent of GLV [USDG-USDG]. It is the only Chainlink feed with this name. Feed vs llama differ by 0.003%. Caveat: Chainlink directory metadata is internally inconsistent. assetName is 'GLV [GM:BTC-USD]' and clicProductName is 'GLV-GM:BTC-USD/USD-RefPrice-...' while the feed name says Exchange Rate. No GLV token named 'GM:BTC-USD' exists in GMX config, and the on-chain description matches this GM market, so I treat it as a docs labelling error. 0 rows in all_tokens_tobs.csv; the feed starts 2026-09-24."
0xf701d1d701ad494d7e3ec69bd1dd5d5443651487,AXL,Axelar,6,0,,AXL / USD,axl-usd,0x84e8237cc1418ea1b4a1e0c3e7f48c3a5fbc81af,USD,medium,RefPrice,False,,2024-01-23 19:25:39,other_chain_asset,AXL: gateway copy of Ethereum AXL; AXL is native to Axelar,tokenlists:arbed_coingecko+arbed_uniswap(L1 0x467719ad09025fcc6cf6f8311755809d45a5e5f3),coingecko:axelar,wrong,"RPC: AXL / 'Axelar' / 6 decimals, totalSupply 0.64. 760-byte ClonableBeaconProxy. l1Address()=0x467719ad09025fcc6cf6f8311755809d45a5e5f3 (Ethereum AXL) and l2Gateway is the StandardGateway; the router confirms it is a canonical-bridge clone. Refuted on-chain by the issuer's registry: Axelar Gateway on Arbitrum 0xe432150cce91c13a887f7d836923d5597add8e31 returns 0x23ee2343b892b1bb63503a4fabc840e0e2c6810f for tokenAddresses('AXL'). That token's owner() is the gateway, with 6 decimals and supply 738,734.5. The CoinGecko Arbitrum list maps AXL to 0x23ee.... llama prices 0x23ee and not this address. 0 rows in all_tokens_tobs.csv versus 15,977 for 0x23ee.... Listing in arbed_coingecko and arbed_uniswap reflects only the bridge mapping."
0xfe21ce83229fd2d998ebac7dd9dc2d336c36e869,ETHx,ETHx,18,0,,ETHx / ETH Exchange Rate,ethx-eth-exchange-rate,0x1f5c0c2cd2e9ad1ee475660af0bba27ae7d87f5e,ETH,deprecating,ExRate,False,"December 22nd, 2025",2024-04-25 18:12:17,token_itself,ETHx: the feed's base asset is this token (Arbitrum token list(s) arbed_coingecko: bridged from coingecko coin 'stader-ethx' ethereum address 0xa35b1b31ce002fbf2058d22f30f95d405200a15b),tokenlists:arbed_coingecko(L1 0xa35b1b31ce002fbf2058d22f30f95d405200a15b),,disputed,"RPC: ETHx / 'ETHx' / 18 decimals, totalSupply 0 (no tokens outstanding). 760-byte ClonableBeaconProxy. l1Address()=0xa35b1b31ce002fbf2058d22f30f95d405200a15b (Stader docs: Mainnet ETHx) and l2Gateway is the StandardGateway; the router confirms it is a canonical-bridge clone. The claim's 'exact' match type is therefore wrong: this is a bridged_variant. I cannot fully refute canonicity because no authority names another Arbitrum ETHx. Stader docs list only the L1 address, and the CoinGecko Arbitrum list has no ETHx entry. The data and pricing point elsewhere: 0xed65c5085a18fa160af0313e60dcc7905e944dc7 (symbol ETHx, EIP-1967 upgradeable, has MINTER_ROLE, supply 7.94) has 13,374 rows in all_tokens_tobs.csv and is llama-priced, while this address has 0 rows and zero supply. 0xed65's issuer provenance is unverified."
0xfef60f8aecb16173169180fce40800ed966b60fb,swETH,swETH,18,0,,swETH / ETH Exchange Rate,sweth-eth exchange rate,0xecd471ef663eceffc7d731a0c7e51007433e6d6e,ETH,custom,ExRate,False,,2023-12-01 23:05:26,canonical_bridge,swETH: Arbitrum canonical-gateway copy of an Ethereum token (Arbitrum token list(s) arbed_coingecko: bridged from coingecko coin 'sweth' ethereum address 0xf951e335afb289353dc249e82926178eac7ded78),tokenlists:arbed_coingecko(L1 0xf951e335afb289353dc249e82926178eac7ded78),,confirmed,"WHAT IS CONFIRMED: the address is the Arbitrum canonical-bridge (standard ERC20 gateway) copy of L1 swETH, as the claim says. On arb1.arbitrum.io/rpc at block about 513.4M: name()/symbol() = 'swETH', decimals() = 18, totalSupply() = 40200000000000000 (0.0402 swETH), and l1Address() = 0xf951e335afb289353dc249e82926178eac7ded78, which is Swell's L1 swETH (CoinGecko 'sweth' ethereum platform). calculateL2TokenAddress(L1 swETH) returns exactly this address on both the L2 gateway router 0x5288c571fd7ad117bea99bf60fe0846c4e84f933 and the L2 ERC20 gateway 0x09e9222e96e7b4ae2a407b98d48e330053351eee. getGateway(L1 swETH) = 0x09e9...1eee. The deployed code is 760 bytes. Arbiscan names it ClonableBeaconProxy. Its EIP-1967 beacon slot = 0xe72ba9418b5f2ce0a6a40501fe77c6839aa37333, which equals beaconProxyFactory(0x3fe38087a94903a9d946fa1915e1772fe611000f).beacon() of the standard gateway. That beacon's owner is 0xcf57572261c7c2bcf21ffd220ea7d1a27d40a827 (unverified here, but I believe it is the Arbitrum DAO L2 UpgradeExecutor). The Arbitrum token list 'Arbed CoinGecko' v489.0.0 (2026-10-10) lists it with bridgeInfo tokenAddress 0xf951e335... via gateway 0x09e9...1eee. CAVEATS THAT REFUTE IT AS THE CANONICAL ARBITRUM swETH: (1) The issuer-recognised, market-priced swETH on Arbitrum is a different contract, 0xbc011a12da28e8f0f528d9ee5e7039e22f91cf18 (Arbiscan verified name 'SwETHOFT', a LayerZero OFT; 743 holders; supply 33.42; market price $2,815 = 1.130163 ETH). CoinGecko 'sweth' lists only that address as its arbitrum-one platform, and coins.llama.fi prices only that address. A query for arbitrum:0xfef60f8a... returned nothing; saved in downloads/sweth_verify/llama_current.json. (2) This canonical-bridge copy has no market. Arbiscan shows 2 holders and $0.00. All 34 logs ever emitted (eth_getLogs over the whole chain in 10M-block chunks) are Transfer mint/burn pairs to or from 0x0, i.e. L1 deposits and withdrawals, from block 129,250,512 (2023-09-08) to 305,342,195 (2025-02-12). There are no Approval events and no user-to-user transfers. (3) The token is absent from all_tokens_tobs.csv, and chainlink_token_map.csv shows n_rows = 0, so it carries no weight in the study data. CHAINLINK FEED: proxy 0xecd471ef663eceffc7d731a0c7e51007433e6d6e. description() = 'swETH / ETH Exchange Rate'. latestRoundData answer = 1.131792153690969 (18 decimals), updatedAt 2026-10-09 20:50:07 UTC. The docs JSON gives baseAsset SWETH (SWETH_CR), productTypeCode ExRate and attributeType exchange_rate, and names no Arbitrum token address. It is the fundamental L1 swETH redemption rate, not a market price of any Arbitrum token. It applies to this copy only economically, through 1:1 canonical-bridge redeemability (with the L2-to-L1 withdrawal delay), so the 'bridged_variant' label, not 'exact', is correct. I did not check upgradeability or pausing beyond identifying the standard Arbitrum gateway beacon proxy (the bridge governance can upgrade it). Raw files: data/_work/usd/downloads/sweth_verify/ (llama_current.json, arbiscan_token_fef60.html, arbiscan_token_bc011.html) and data/_work/usd/scout_sweth/logs_fef60f8a.json. Scripts: data/_work/usd/scout_scripts/sweth/."
